"Tilda UID";Brand;SKU;Mark;Category;Title;Description;Text;Photo;Price;Quantity;"Price Old";Editions;Modifications;"External ID";"Parent UID";"Characteristics:Вид экскурсии";Characteristics:Класс;"Characteristics:Цвет автомобиля";Characteristics:Салон;"Characteristics:Цвет салона";Characteristics:Сайт;Characteristics:Длительность;Characteristics:Категория;"Characteristics:Тип судна";"Characteristics:Состав группы";"Characteristics:Тип транспорта";"Characteristics:Максимальная вместимость";Weight;Length;Width;Height;"SEO title";"SEO descr";"SEO keywords";"FB title";"FB descr";Url;Tabs:1;Tabs:2;Tabs:3;Tabs:4;Tabs:5;Tabs:6
337806048631;"На авто";;HIT;"По городу;Популярные";"Знакомство с городом";"Классическая обзорная экскурсия по центру";"Три века назад в истории нашей страны произошли тектонические сдвиги, в ходе которых молодой горой вырос в удивительный и сложный. Пассионарий Петра Первого не считался с потерями, преградами, и в кратчайшие сроки на болотистых берегах полноводной Невы по проектам европейских архитекторов и инженеров был построен город-порт, ставший в скором времени столицей русского государства. Два столетия в стенах императорских дворцов принимались решения, которые эхом разносились по всем уголками необъятной империи. В памятниках, повсеместно рассредоточенных в парадных кварталах города, отразилась эпоха имперского Петербурга, царствующего дома Романовых и знаковых событий происходивших в стране, о которых мы с Вами и поговорим.";"https://static.tildacdn.com/tild3538-6530-4136-a664-646361633638/1__.jpg https://static.tildacdn.com/stor6433-6664-4833-a265-383036313639/70728563.jpg https://static.tildacdn.com/stor3564-6539-4931-a337-653861356265/97196428.jpg https://static.tildacdn.com/stor6337-3534-4430-b738-643033633834/89814833.jpg https://static.tildacdn.com/stor6463-3865-4265-a630-396163386338/48518761.jpg https://static.tildacdn.com/stor6162-3665-4430-a666-303733663761/62259367.jpg";;;;"product_options:[{""title"":""Состав"",""params"":{""view"":""select"",""hasColor"":false,""linkImage"":false}},{""title"":""Продолжительность"",""params"":{""view"":""select"",""hasColor"":false,""linkImage"":false}},{""title"":""Класс авто"",""params"":{""view"":""select"",""hasColor"":false,""linkImage"":false}}]";;HH6pYmiKoORCb5EmzBc3;;;;;;;;;;;;;;0;0;0;0;"Обзорная экскурсия по Петербургу";"Индивидуальная экскурсия по Санкт-Петербург на авто комфорт класса в компании эрудированного гида. Идеально для первого знакомство с главными достопримечательностями.";"Обзорная экскурсия, Санкт-Петербург, Питер, Обзорка по Санкт-Петербургу, Обзорка по Питеру";"Обзорная экскурсия по Петербургу";"Индивидуальная экскурсия по Санкт-Петербург на авто комфорт класса в компании эрудированного гида. Идеально для первого знакомство с главными достопримечательностями.";https://createplanet.org/excursions/tproduct/679602099-337806048631-znakomstvo-s-gorodom;"info|#|Маршрут экскурсии|#|Невский проспект<br />Александринский театр <br />Памятник А.С. Пушкину<br />Исаакиевский собор<br />Памятник Николаю I <br />Семимостье<br />Юсуповский дворец<br />Медный Всадник<br />Сфинксы<br />Стрелка Васильевского острова<br />Петропавловская крепость<br />Крейсер ""Аврора""<br />Троицкий мост<br />Дворцовая площадь <br />Спас на Крови<br />Михайловский замок <br />Аничков мост";"template|#|Входные билеты|#|Входные билеты|#|<u>Петропавловский собор и тюрьма Трубецкого бастиона</u><br />Взрослый: 1000<br />Пенсионер: 450<br />Студент: 550<br />Школьник: 550";"template|#|Важная информация|#|Важная информация (с музеями)|#|В стоимость экскурсии включены:<br /><ul><li>услуги гида</li><li>аренда транспорта&nbsp;с водителем</li></ul><br />Дополнительно оплачиваются<br /><ul><li>входные билеты</li><li>устройство радио-гид (для групп от 16 человек)</li></ul>";;;
678179460132;;Citytour_01;;;"Знакомство с городом - от 1 до 2 человек - 3 часа - Комфорт";;;;13500.00;;;"Состав:от 1 до 2 человек;Продолжительность:3 часа;Класс авто:Комфорт";;CvHoOjmsCylZB3HGKge1;337806048631;;;;;;;;;;;;;0;0;0;0;;;;;;https://createplanet.org/excursions/tproduct/679602099-337806048631-znakomstvo-s-gorodom?editionuid=678179460132;;;;;;
753591679572;;Citytour_02;;;"Знакомство с городом - от 1 до 2 человек - 3 часа - Бизнес";;;;16500.00;;;"Состав:от 1 до 2 человек;Продолжительность:3 часа;Класс авто:Бизнес";;M7DEdHYfcuRiEX9B2iE7;337806048631;;;;;;;;;;;;;0;0;0;0;;;;;;https://createplanet.org/excursions/tproduct/679602099-337806048631-znakomstvo-s-gorodom?editionuid=753591679572;;;;;;
562137826972;;Citytour_03;;;"Знакомство с городом - от 1 до 2 человек - 3 часа - Премиум";;;;23500.00;;;"Состав:от 1 до 2 человек;Продолжительность:3 часа;Класс авто:Премиум";;Fz7lxGUn58H9lX401n1r;337806048631;;;;;;;;;;;;;0;0;0;0;;;;;;https://createplanet.org/excursions/tproduct/679602099-337806048631-znakomstvo-s-gorodom?editionuid=562137826972;;;;;;
179554356132;;Citytour_04;;;"Знакомство с городом - от 1 до 2 человек - 3 часа - VIP";;;;30000.00;;;"Состав:от 1 до 2 человек;Продолжительность:3 часа;Класс авто:VIP";;rbKEkmo9y1pOsGONZDEt;337806048631;;;;;;;;;;;;;0;0;0;0;;;;;;https://createplanet.org/excursions/tproduct/679602099-337806048631-znakomstvo-s-gorodom?editionuid=179554356132;;;;;;
879139333182;;Citytour_05;;;"Знакомство с городом - от 3 до 6 человек - 3 часа - Комфорт";;;;14500.00;;;"Состав:от 3 до 6 человек;Продолжительность:3 часа;Класс авто:Комфорт";;1HIMCjhEHbH694OBfO4j;337806048631;;;;;;;;;;;;;0;0;0;0;;;;;;https://createplanet.org/excursions/tproduct/679602099-337806048631-znakomstvo-s-gorodom?editionuid=879139333182;;;;;;
492931231082;;Citytour_06;;;"Знакомство с городом - от 3 до 6 человек - 3 часа - Бизнес";;;;19500.00;;;"Состав:от 3 до 6 человек;Продолжительность:3 часа;Класс авто:Бизнес";;Cm4TsiEAHH0JXAnhcO2g;337806048631;;;;;;;;;;;;;0;0;0;0;;;;;;https://createplanet.org/excursions/tproduct/679602099-337806048631-znakomstvo-s-gorodom?editionuid=492931231082;;;;;;
262598268612;;Citytour_07;;;"Знакомство с городом - от 3 до 6 человек - 3 часа - Премиум";;;;23500.00;;;"Состав:от 3 до 6 человек;Продолжительность:3 часа;Класс авто:Премиум";;0BmhVpHK9OyN420uUoJy;337806048631;;;;;;;;;;;;;0;0;0;0;;;;;;https://createplanet.org/excursions/tproduct/679602099-337806048631-znakomstvo-s-gorodom?editionuid=262598268612;;;;;;
890201640482;;Citytour_08;;;"Знакомство с городом - от 7 до 15 человек - 3 часа - Комфорт";;;;17500.00;;;"Состав:от 7 до 15 человек;Продолжительность:3 часа;Класс авто:Комфорт";;1VVl0taiGgTx3sm0NspR;337806048631;;;;;;;;;;;;;0;0;0;0;;;;;;https://createplanet.org/excursions/tproduct/679602099-337806048631-znakomstvo-s-gorodom?editionuid=890201640482;;;;;;
638754419922;;Citytour_09;;;"Знакомство с городом - от 7 до 15 человек - 3 часа - Бизнес";;;;19500.00;;;"Состав:от 7 до 15 человек;Продолжительность:3 часа;Класс авто:Бизнес";;HmxaAtKRg66LCzuNu7yR;337806048631;;;;;;;;;;;;;0;0;0;0;;;;;;https://createplanet.org/excursions/tproduct/679602099-337806048631-znakomstvo-s-gorodom?editionuid=638754419922;;;;;;
531340851462;;Citytour_10;;;"Знакомство с городом - от 16 до 30 человек - 3 часа - Комфорт";;;;21500.00;;;"Состав:от 16 до 30 человек;Продолжительность:3 часа;Класс авто:Комфорт";;iA7xyYlMa1k3SMmTg9cS;337806048631;;;;;;;;;;;;;0;0;0;0;;;;;;https://createplanet.org/excursions/tproduct/679602099-337806048631-znakomstvo-s-gorodom?editionuid=531340851462;;;;;;
285761041832;;Citytour_11;;;"Знакомство с городом - от 16 до 30 человек - 3 часа - Бизнес";;;;25500.00;;;"Состав:от 16 до 30 человек;Продолжительность:3 часа;Класс авто:Бизнес";;GJ3NLSYbMvTkpaj1vR9o;337806048631;;;;;;;;;;;;;0;0;0;0;;;;;;https://createplanet.org/excursions/tproduct/679602099-337806048631-znakomstvo-s-gorodom?editionuid=285761041832;;;;;;
841392080242;;Citytour_12;;;"Знакомство с городом - от 31 до 50 человек - 3 часа - Комфорт";;;;24500.00;;;"Состав:от 31 до 50 человек;Продолжительность:3 часа;Класс авто:Комфорт";;UIsnnCCYtAt6oD2oAcef;337806048631;;;;;;;;;;;;;0;0;0;0;;;;;;https://createplanet.org/excursions/tproduct/679602099-337806048631-znakomstvo-s-gorodom?editionuid=841392080242;;;;;;
618752119152;;Citytour_13;;;"Знакомство с городом - от 31 до 50 человек - 3 часа - Бизнес";;;;28500.00;;;"Состав:от 31 до 50 человек;Продолжительность:3 часа;Класс авто:Бизнес";;oAOsxEgl9tkCRbjzxxmu;337806048631;;;;;;;;;;;;;0;0;0;0;;;;;;https://createplanet.org/excursions/tproduct/679602099-337806048631-znakomstvo-s-gorodom?editionuid=618752119152;;;;;;
423094150332;;Citytour_14;;;"Знакомство с городом - от 1 до 2 человек - 5 часов - Комфорт";;;;20500.00;;;"Состав:от 1 до 2 человек;Продолжительность:5 часов;Класс авто:Комфорт";;H8XBOS8HFl7jiGYfyypX;337806048631;;;;;;;;;;;;;0;0;0;0;;;;;;https://createplanet.org/excursions/tproduct/679602099-337806048631-znakomstvo-s-gorodom?editionuid=423094150332;;;;;;
320331996472;;Citytour_15;;;"Знакомство с городом - от 1 до 2 человек - 5 часов - Бизнес";;;;25000.00;;;"Состав:от 1 до 2 человек;Продолжительность:5 часов;Класс авто:Бизнес";;ks4FmMujKgyMte46C3ay;337806048631;;;;;;;;;;;;;0;0;0;0;;;;;;https://createplanet.org/excursions/tproduct/679602099-337806048631-znakomstvo-s-gorodom?editionuid=320331996472;;;;;;
239346561012;;Citytour_16;;;"Знакомство с городом - от 1 до 2 человек - 5 часов - Премиум";;;;35500.00;;;"Состав:от 1 до 2 человек;Продолжительность:5 часов;Класс авто:Премиум";;JYrAjEjYZDrUDlyS4IK5;337806048631;;;;;;;;;;;;;0;0;0;0;;;;;;https://createplanet.org/excursions/tproduct/679602099-337806048631-znakomstvo-s-gorodom?editionuid=239346561012;;;;;;
451478818922;;Citytour_17;;;"Знакомство с городом - от 1 до 2 человек - 5 часов - VIP";;;;45500.00;;;"Состав:от 1 до 2 человек;Продолжительность:5 часов;Класс авто:VIP";;xxSpgIbRmSERrb0vv2hG;337806048631;;;;;;;;;;;;;0;0;0;0;;;;;;https://createplanet.org/excursions/tproduct/679602099-337806048631-znakomstvo-s-gorodom?editionuid=451478818922;;;;;;
396246369672;;Citytour_18;;;"Знакомство с городом - от 3 до 6 человек - 5 часов - Комфорт";;;;22000.00;;;"Состав:от 3 до 6 человек;Продолжительность:5 часов;Класс авто:Комфорт";;X7IhE2fP3BSnczjtvNjg;337806048631;;;;;;;;;;;;;0;0;0;0;;;;;;https://createplanet.org/excursions/tproduct/679602099-337806048631-znakomstvo-s-gorodom?editionuid=396246369672;;;;;;
970638600912;;Citytour_19;;;"Знакомство с городом - от 3 до 6 человек - 5 часов - Бизнес";;;;29500.00;;;"Состав:от 3 до 6 человек;Продолжительность:5 часов;Класс авто:Бизнес";;lPmIOK0rLxNZ3VLgijGb;337806048631;;;;;;;;;;;;;0;0;0;0;;;;;;https://createplanet.org/excursions/tproduct/679602099-337806048631-znakomstvo-s-gorodom?editionuid=970638600912;;;;;;
354199770782;;Citytour_20;;;"Знакомство с городом - от 3 до 6 человек - 5 часов - Премиум";;;;35500.00;;;"Состав:от 3 до 6 человек;Продолжительность:5 часов;Класс авто:Премиум";;8nZk3C0RjyXjeKrlye3E;337806048631;;;;;;;;;;;;;0;0;0;0;;;;;;https://createplanet.org/excursions/tproduct/679602099-337806048631-znakomstvo-s-gorodom?editionuid=354199770782;;;;;;
816739791492;;Citytour_21;;;"Знакомство с городом - от 7 до 15 человек - 5 часов - Комфорт";;;;26500.00;;;"Состав:от 7 до 15 человек;Продолжительность:5 часов;Класс авто:Комфорт";;gkgA2k3dU0yZXtVFJxFP;337806048631;;;;;;;;;;;;;0;0;0;0;;;;;;https://createplanet.org/excursions/tproduct/679602099-337806048631-znakomstvo-s-gorodom?editionuid=816739791492;;;;;;
435095814952;;Citytour_22;;;"Знакомство с городом - от 7 до 15 человек - 5 часов - Бизнес";;;;30000.00;;;"Состав:от 7 до 15 человек;Продолжительность:5 часов;Класс авто:Бизнес";;JxZnlsmdbF0GguAeFKPC;337806048631;;;;;;;;;;;;;0;0;0;0;;;;;;https://createplanet.org/excursions/tproduct/679602099-337806048631-znakomstvo-s-gorodom?editionuid=435095814952;;;;;;
500951780722;;Citytour_23;;;"Знакомство с городом - от 16 до 30 человек - 5 часов - Комфорт";;;;33000.00;;;"Состав:от 16 до 30 человек;Продолжительность:5 часов;Класс авто:Комфорт";;OpuHr5ZOIbKAVtVIMUdH;337806048631;;;;;;;;;;;;;0;0;0;0;;;;;;https://createplanet.org/excursions/tproduct/679602099-337806048631-znakomstvo-s-gorodom?editionuid=500951780722;;;;;;
377664807072;;Citytour_24;;;"Знакомство с городом - от 16 до 30 человек - 5 часов - Бизнес";;;;39000.00;;;"Состав:от 16 до 30 человек;Продолжительность:5 часов;Класс авто:Бизнес";;VsDuJUs4ke4oraNT7BdT;337806048631;;;;;;;;;;;;;0;0;0;0;;;;;;https://createplanet.org/excursions/tproduct/679602099-337806048631-znakomstvo-s-gorodom?editionuid=377664807072;;;;;;
929497289342;;Citytour_25;;;"Знакомство с городом - от 31 до 50 человек - 5 часов - Комфорт";;;;37500.00;;;"Состав:от 31 до 50 человек;Продолжительность:5 часов;Класс авто:Комфорт";;4seAEfdUY6RRRFn03A5H;337806048631;;;;;;;;;;;;;0;0;0;0;;;;;;https://createplanet.org/excursions/tproduct/679602099-337806048631-znakomstvo-s-gorodom?editionuid=929497289342;;;;;;
713916664952;;Citytour_26;;;"Знакомство с городом - от 31 до 50 человек - 5 часов - Бизнес";;;;43500.00;;;"Состав:от 31 до 50 человек;Продолжительность:5 часов;Класс авто:Бизнес";;g6dEuy7tOttXRGtj43YR;337806048631;;;;;;;;;;;;;0;0;0;0;;;;;;https://createplanet.org/excursions/tproduct/679602099-337806048631-znakomstvo-s-gorodom?editionuid=713916664952;;;;;;
108503181711;"На авто";;HIT;"По городу";"Храмы Петербурга";"Экскурсия по главным духовным центрам Северной столицы";"Особое место в панораме старого города занимают храмы, шапками своих куполов возвышающиеся над стройным рядом жилой застройки исторического центра.#nbsp;Эти храмы, основанные в разные эпохи, представляют всё разнообразие архитектурных стилей.#nbsp;Бережно восстановленные от пыли войны и большевистского произвола, они предлагают нам погрузиться в эстетичный мир гармонии и красоты.<br />В нашу экскурсию мы включили храмы, которые в наибольшей степени отражают не только духовный мир столицы,#nbsp;но и имперский характер города.<br />Мы приглашаем Вас посетить самые известные соборы Петербурга, где Вы узнаете об истории их создания, значении для города в настоящее время и для кого эти храмы предназначались изначально.";"https://static.tildacdn.com/tild6438-3734-4764-a461-323634303962/1___.jpg https://static.tildacdn.com/stor6632-6439-4236-b366-623336663034/35788796.jpg https://static.tildacdn.com/stor6233-3732-4461-a261-616633626136/35311306.jpg https://static.tildacdn.com/stor3565-3634-4738-a661-633564646135/16097713.jpg https://static.tildacdn.com/stor3738-3531-4333-b665-333465653166/94454724.jpg https://static.tildacdn.com/stor6263-6336-4861-a336-313135666436/50788473.jpg";;;;"product_options:[{""title"":""Состав"",""params"":{""view"":""select"",""hasColor"":false,""linkImage"":false}},{""title"":""Продолжительность"",""params"":{""view"":""select"",""hasColor"":false,""linkImage"":false}},{""title"":""Класс авто"",""params"":{""view"":""select"",""hasColor"":false,""linkImage"":false}}]";;YL15skrSOHLjRocJRP4s;;Городская;;;;;;"4 часа";;;;;;0;0;0;0;"Храмы Петербурга";"Индивидуальная экскурсия по православным храмам Санкт-Петербурга, которая включает посещение самых важных духовных центров северной столицы: Исаакиевский собор, Спас на Крови, Смольный и Казанский соборы, Александро-Невская лавра.";"Обзорная экскурсия, Санкт-Петербург, Питер, Храмы Петербурга, Соборы и храмы Санкт-Петербурга";"Храмы Петербурга";"Индивидуальная экскурсия по православным храмам Санкт-Петербурга, которая включает посещение самых важных духовных центров северной столицы: Исаакиевский собор, Спас на Крови, Смольный и Казанский соборы, Александро-Невская лавра.";https://createplanet.org/excursions/tproduct/679602099-108503181711-hrami-peterburga;"info|#|Маршрут экскурсии|#|Казанский собор<br />Никольский собор<br />Исаакиевский собор<br />Спас на Крови<br />Спасо-Преображенский собор<br />Смольный собор";"template|#|Важная информация|#|Важная информация (с музеями)|#|В стоимость экскурсии включены:<br /><ul><li>услуги гида</li><li>аренда транспорта&nbsp;с водителем</li></ul><br />Дополнительно оплачиваются<br /><ul><li>входные билеты</li><li>устройство радио-гид (для групп от 16 человек)</li></ul>";"info|#|Входные билеты|#|Исаакиевский собор<br />Взрослые - 450<br />Школьники, Студенты, Пенсионеры&nbsp;- 200 <br /><br />Спас на Крови<br />Взрослые - 450<br />Школьники, Студенты, Пенсионеры&nbsp;- 200";;;
456670990422;;Temples_01;;;"Храмы Петербурга - от 1 до 2 человек - 4 часа - Комфорт";;;;16500.00;;;"Состав:от 1 до 2 человек;Продолжительность:4 часа;Класс авто:Комфорт";;9GJEYxKO6obt1j5vPyM3;108503181711;;;;;;;;;;;;;0;0;0;0;;;;;;https://createplanet.org/excursions/tproduct/679602099-108503181711-hrami-peterburga?editionuid=456670990422;;;;;;
397398915792;;Temples_02;;;"Храмы Петербурга - от 1 до 2 человек - 4 часа - Бизнес";;;;21000.00;;;"Состав:от 1 до 2 человек;Продолжительность:4 часа;Класс авто:Бизнес";;Lars0ZlUXuhCikFLNzx8;108503181711;;;;;;;;;;;;;0;0;0;0;;;;;;https://createplanet.org/excursions/tproduct/679602099-108503181711-hrami-peterburga?editionuid=397398915792;;;;;;
191175244092;;Temples_03;;;"Храмы Петербурга - от 1 до 2 человек - 4 часа - Премиум";;;;29000.00;;;"Состав:от 1 до 2 человек;Продолжительность:4 часа;Класс авто:Премиум";;49CEFgLkHx39Vei0kBia;108503181711;;;;;;;;;;;;;0;0;0;0;;;;;;https://createplanet.org/excursions/tproduct/679602099-108503181711-hrami-peterburga?editionuid=191175244092;;;;;;
490502679622;;Temples_04;;;"Храмы Петербурга - от 1 до 2 человек - 4 часа - VIP";;;;37500.00;;;"Состав:от 1 до 2 человек;Продолжительность:4 часа;Класс авто:VIP";;fGGv0ygRKy942gaTsBcg;108503181711;;;;;;;;;;;;;0;0;0;0;;;;;;https://createplanet.org/excursions/tproduct/679602099-108503181711-hrami-peterburga?editionuid=490502679622;;;;;;
339488562972;;Temples_05;;;"Храмы Петербурга - от 3 до 6 человек - 4 часа - Комфорт";;;;18000.00;;;"Состав:от 3 до 6 человек;Продолжительность:4 часа;Класс авто:Комфорт";;vjEbXdT0AObTXlSugac2;108503181711;;;;;;;;;;;;;0;0;0;0;;;;;;https://createplanet.org/excursions/tproduct/679602099-108503181711-hrami-peterburga?editionuid=339488562972;;;;;;
210247651932;;Temples_06;;;"Храмы Петербурга - от 3 до 6 человек - 4 часа - Бизнес";;;;24000.00;;;"Состав:от 3 до 6 человек;Продолжительность:4 часа;Класс авто:Бизнес";;SLfpSd2sfaeNNf3tsKhv;108503181711;;;;;;;;;;;;;0;0;0;0;;;;;;https://createplanet.org/excursions/tproduct/679602099-108503181711-hrami-peterburga?editionuid=210247651932;;;;;;
599478698062;;Temples_07;;;"Храмы Петербурга - от 3 до 6 человек - 4 часа - Премиум";;;;29000.00;;;"Состав:от 3 до 6 человек;Продолжительность:4 часа;Класс авто:Премиум";;c3MkBHhAL23egfnZC1zJ;108503181711;;;;;;;;;;;;;0;0;0;0;;;;;;https://createplanet.org/excursions/tproduct/679602099-108503181711-hrami-peterburga?editionuid=599478698062;;;;;;
777594659262;;Temples_08;;;"Храмы Петербурга - от 7 до 15 человек - 4 часа - Комфорт";;;;21500.00;;;"Состав:от 7 до 15 человек;Продолжительность:4 часа;Класс авто:Комфорт";;JDuKya8nsak45ZEhj0If;108503181711;;;;;;;;;;;;;0;0;0;0;;;;;;https://createplanet.org/excursions/tproduct/679602099-108503181711-hrami-peterburga?editionuid=777594659262;;;;;;
612588948592;;Temples_09;;;"Храмы Петербурга - от 7 до 15 человек - 4 часа - Бизнес";;;;24500.00;;;"Состав:от 7 до 15 человек;Продолжительность:4 часа;Класс авто:Бизнес";;4U4RGgb5jO42fAzSet58;108503181711;;;;;;;;;;;;;0;0;0;0;;;;;;https://createplanet.org/excursions/tproduct/679602099-108503181711-hrami-peterburga?editionuid=612588948592;;;;;;
709478530692;;Temples_10;;;"Храмы Петербурга - от 16 до 30 человек - 4 часа - Комфорт";;;;27000.00;;;"Состав:от 16 до 30 человек;Продолжительность:4 часа;Класс авто:Комфорт";;jD5D1Ap19cCl0tIv9SVA;108503181711;;;;;;;;;;;;;0;0;0;0;;;;;;https://createplanet.org/excursions/tproduct/679602099-108503181711-hrami-peterburga?editionuid=709478530692;;;;;;
983877311432;;Temples_11;;;"Храмы Петербурга - от 16 до 30 человек - 4 часа - Бизнес";;;;32000.00;;;"Состав:от 16 до 30 человек;Продолжительность:4 часа;Класс авто:Бизнес";;46apNm5dFphHr1i9XjJu;108503181711;;;;;;;;;;;;;0;0;0;0;;;;;;https://createplanet.org/excursions/tproduct/679602099-108503181711-hrami-peterburga?editionuid=983877311432;;;;;;
179416069272;;Temples_12;;;"Храмы Петербурга - от 31 до 50 человек - 4 часа - Комфорт";;;;31000.00;;;"Состав:от 31 до 50 человек;Продолжительность:4 часа;Класс авто:Комфорт";;NRVaPrfNH9hI55eJiRp1;108503181711;;;;;;;;;;;;;0;0;0;0;;;;;;https://createplanet.org/excursions/tproduct/679602099-108503181711-hrami-peterburga?editionuid=179416069272;;;;;;
308955497572;;Temples_13;;;"Храмы Петербурга - от 31 до 50 человек - 4 часа - Бизнес";;;;36000.00;;;"Состав:от 31 до 50 человек;Продолжительность:4 часа;Класс авто:Бизнес";;0cob8yAvnrDuSDZcoPhn;108503181711;;;;;;;;;;;;;0;0;0;0;;;;;;https://createplanet.org/excursions/tproduct/679602099-108503181711-hrami-peterburga?editionuid=308955497572;;;;;;
970822781831;"На авто";;;"По городу";"Толерантный Петербург";"Тематическая экскурсия по храмам мировых религий";"Толерантность означает терпимость к иному мировоззрению, поведению и традициям. Она не призывает принимать иную точку зрения или образ жизни, но оставляет право за каждым человеком жить в соответствии со своим мировоззрением. Видите ли Вы разницу между словами ""чужой"" и ""другой""? В толерантных обществах нет чужих, но есть другие, разные.<br />В чём особенность и в то же время притягательная сила больших городов? В постоянном движении вперёд и разнообразии. И это сочетание - быть всегда современным, идти в ногу с развитием человеческой мысли и оберегать разнообразие культур, религий и мировоззрений - рождает то, что мы называем центрами человеческой цивилизации.<br />Санкт-Петербург с самого его основания называют городом веротерпимости, в центре, на Невском и его окружении, расположены церкви и соборы разных религиозных ветвей христианства: Католический Собор Св. Екатерины, Кафедральный Лютеранский Собор Петра и Павла, Армянская церковь и другие. Не обделил Петербург вниманием и главные мировые конфессии: буддизм, ислам и иудаизм. Разбросанные по разным частям города Дацан, Мечеть и Синагога вносят особый колорит в облик города.#nbsp;";"https://static.tildacdn.com/tild3932-3336-4036-b731-383264666132/1_.jpeg https://static.tildacdn.com/stor3738-3664-4631-a138-646239396531/67920896.jpg https://static.tildacdn.com/stor3962-3066-4561-b835-626565643035/12987906.jpg https://static.tildacdn.com/stor6166-6531-4131-a265-373631313037/71427289.jpg";;;;"product_options:[{""title"":""Состав"",""params"":{""view"":""select"",""hasColor"":false,""linkImage"":false}},{""title"":""Продолжительность"",""params"":{""view"":""select"",""hasColor"":false,""linkImage"":false}},{""title"":""Класс авто"",""params"":{""view"":""select"",""hasColor"":false,""linkImage"":false}}]";;ZGJdFeLTAcVChHHcKBXv;;Городская;;;;;;"5 часов";;;;;;0;0;0;0;"Толерантный Петербург";"Тематическая экскурсия по храмам мировых религий, которая включает наиболее интересные духовные центры Запада и Востока, представленные в Санкт-Петербурге.";"Экскурсия по храмам и соборам Санкт-Петербурга, Питер, храмы, соборы Петербурга, православные и иноверческие храмы Петербурга, веротерпимость";"Толерантный Петербург";"Тематическая экскурсия по храмам мировых религий, которая включает наиболее интересные духовные центры Запада и Востока, представленные в Санкт-Петербурге.";https://createplanet.org/excursions/tproduct/679602099-970822781831-tolerantnii-peterburg;"info|#|Маршрут экскурсии|#|<strong>4 часа</strong><br />Аннекирхе<br />Армянская церковь св. Екатерины<br />Шведская церковь св. Екатерины<br />Католический собор св. Екатерины<br />Петрикирхе<br />Яаникирхе<br />Большая хоральная Синагога<br />Большая соборная Мечеть<br /><strong>5 часов </strong><br />с посещением Дацана Гунзэчойнэй";"template|#|Транспорт|#|Транпорт|#|Экскурсии осуществляются на авто комфорт класса и выше в зависимости от Вашего выбора. Более подробная информация в разделе транспорт.";"template|#|Важная информация|#|Важная информация (с музеями)|#|В стоимость экскурсии включены:<br /><ul><li>услуги гида</li><li>аренда транспорта&nbsp;с водителем</li></ul><br />Дополнительно оплачиваются<br /><ul><li>входные билеты</li><li>устройство радио-гид (для групп от 16 человек)</li></ul>";"info|#|Входные билеты|#|Хотели бы обратить внимание, что в дни религиозных праздников посещение соборов невозможно.<br /><br />Дацан - 200 р. с человека<br /><br />Для групп от 7 человек устройство радио-гид + 150 р. с человека (обязательно)";;
862640649862;;Tolerant_01;;;"Толерантный Петербург - от 1 до 2 человек - 4 часа - Комфорт";;;;23000.00;;;"Состав:от 1 до 2 человек;Продолжительность:4 часа;Класс авто:Комфорт";;IHm2BfJUsYskYuDE1p6V;970822781831;;;;;;;;;;;;;0;0;0;0;;;;;;https://createplanet.org/excursions/tproduct/679602099-970822781831-tolerantnii-peterburg?editionuid=862640649862;;;;;;
956538138842;;Tolerant_02;;;"Толерантный Петербург - от 1 до 2 человек - 4 часа - Бизнес";;;;27500.00;;;"Состав:от 1 до 2 человек;Продолжительность:4 часа;Класс авто:Бизнес";;IHm2BfJUsYskYuDE1p6V;970822781831;;;;;;;;;;;;;0;0;0;0;;;;;;https://createplanet.org/excursions/tproduct/679602099-970822781831-tolerantnii-peterburg?editionuid=956538138842;;;;;;
345477119202;;Tolerant_03;;;"Толерантный Петербург - от 1 до 2 человек - 4 часа - Премиум";;;;35500.00;;;"Состав:от 1 до 2 человек;Продолжительность:4 часа;Класс авто:Премиум";;IHm2BfJUsYskYuDE1p6V;970822781831;;;;;;;;;;;;;0;0;0;0;;;;;;https://createplanet.org/excursions/tproduct/679602099-970822781831-tolerantnii-peterburg?editionuid=345477119202;;;;;;
588546695802;;Tolerant_04;;;"Толерантный Петербург - от 1 до 2 человек - 4 часа - VIP";;;;44000.00;;;"Состав:от 1 до 2 человек;Продолжительность:4 часа;Класс авто:VIP";;IHm2BfJUsYskYuDE1p6V;970822781831;;;;;;;;;;;;;0;0;0;0;;;;;;https://createplanet.org/excursions/tproduct/679602099-970822781831-tolerantnii-peterburg?editionuid=588546695802;;;;;;
892436007712;;Tolerant_05;;;"Толерантный Петербург - от 3 до 6 человек - 4 часа - Комфорт";;;;24500.00;;;"Состав:от 3 до 6 человек;Продолжительность:4 часа;Класс авто:Комфорт";;IHm2BfJUsYskYuDE1p6V;970822781831;;;;;;;;;;;;;0;0;0;0;;;;;;https://createplanet.org/excursions/tproduct/679602099-970822781831-tolerantnii-peterburg?editionuid=892436007712;;;;;;
871469938782;;Tolerant_06;;;"Толерантный Петербург - от 3 до 6 человек - 4 часа - Бизнес";;;;30500.00;;;"Состав:от 3 до 6 человек;Продолжительность:4 часа;Класс авто:Бизнес";;IHm2BfJUsYskYuDE1p6V;970822781831;;;;;;;;;;;;;0;0;0;0;;;;;;https://createplanet.org/excursions/tproduct/679602099-970822781831-tolerantnii-peterburg?editionuid=871469938782;;;;;;
370980196042;;Tolerant_07;;;"Толерантный Петербург - от 3 до 6 человек - 4 часа - Премиум";;;;35500.00;;;"Состав:от 3 до 6 человек;Продолжительность:4 часа;Класс авто:Премиум";;IHm2BfJUsYskYuDE1p6V;970822781831;;;;;;;;;;;;;0;0;0;0;;;;;;https://createplanet.org/excursions/tproduct/679602099-970822781831-tolerantnii-peterburg?editionuid=370980196042;;;;;;
518225099872;;Tolerant_08;;;"Толерантный Петербург - от 7 до 15 человек - 4 часа - Комфорт";;;;28000.00;;;"Состав:от 7 до 15 человек;Продолжительность:4 часа;Класс авто:Комфорт";;IHm2BfJUsYskYuDE1p6V;970822781831;;;;;;;;;;;;;0;0;0;0;;;;;;https://createplanet.org/excursions/tproduct/679602099-970822781831-tolerantnii-peterburg?editionuid=518225099872;;;;;;
882349591392;;Tolerant_09;;;"Толерантный Петербург - от 7 до 15 человек - 4 часа - Бизнес";;;;31000.00;;;"Состав:от 7 до 15 человек;Продолжительность:4 часа;Класс авто:Бизнес";;IHm2BfJUsYskYuDE1p6V;970822781831;;;;;;;;;;;;;0;0;0;0;;;;;;https://createplanet.org/excursions/tproduct/679602099-970822781831-tolerantnii-peterburg?editionuid=882349591392;;;;;;
806136931452;;Tolerant_10;;;"Толерантный Петербург - от 16 до 30 человек - 4 часа - Комфорт";;;;36500.00;;;"Состав:от 16 до 30 человек;Продолжительность:4 часа;Класс авто:Комфорт";;IHm2BfJUsYskYuDE1p6V;970822781831;;;;;;;;;;;;;0;0;0;0;;;;;;https://createplanet.org/excursions/tproduct/679602099-970822781831-tolerantnii-peterburg?editionuid=806136931452;;;;;;
955449847892;;Tolerant_11;;;"Толерантный Петербург - от 16 до 30 человек - 4 часа - Бизнес";;;;41500.00;;;"Состав:от 16 до 30 человек;Продолжительность:4 часа;Класс авто:Бизнес";;IHm2BfJUsYskYuDE1p6V;970822781831;;;;;;;;;;;;;0;0;0;0;;;;;;https://createplanet.org/excursions/tproduct/679602099-970822781831-tolerantnii-peterburg?editionuid=955449847892;;;;;;
113061893222;;Tolerant_12;;;"Толерантный Петербург - от 31 до 50 человек - 4 часа - Комфорт";;;;43500.00;;;"Состав:от 31 до 50 человек;Продолжительность:4 часа;Класс авто:Комфорт";;IHm2BfJUsYskYuDE1p6V;970822781831;;;;;;;;;;;;;0;0;0;0;;;;;;https://createplanet.org/excursions/tproduct/679602099-970822781831-tolerantnii-peterburg?editionuid=113061893222;;;;;;
490206727652;;Tolerant_13;;;"Толерантный Петербург - от 31 до 50 человек - 4 часа - Бизнес";;;;49000.00;;;"Состав:от 31 до 50 человек;Продолжительность:4 часа;Класс авто:Бизнес";;IHm2BfJUsYskYuDE1p6V;970822781831;;;;;;;;;;;;;0;0;0;0;;;;;;https://createplanet.org/excursions/tproduct/679602099-970822781831-tolerantnii-peterburg?editionuid=490206727652;;;;;;
461653922602;;Tolerant_14;;;"Толерантный Петербург - от 1 до 2 человек - 5 часов - Комфорт";;;;26500.00;;;"Состав:от 1 до 2 человек;Продолжительность:5 часов;Класс авто:Комфорт";;IHm2BfJUsYskYuDE1p6V;970822781831;;;;;;;;;;;;;0;0;0;0;;;;;;https://createplanet.org/excursions/tproduct/679602099-970822781831-tolerantnii-peterburg?editionuid=461653922602;;;;;;
551503518162;;Tolerant_15;;;"Толерантный Петербург - от 1 до 2 человек - 5 часов - Бизнес";;;;31500.00;;;"Состав:от 1 до 2 человек;Продолжительность:5 часов;Класс авто:Бизнес";;IHm2BfJUsYskYuDE1p6V;970822781831;;;;;;;;;;;;;0;0;0;0;;;;;;https://createplanet.org/excursions/tproduct/679602099-970822781831-tolerantnii-peterburg?editionuid=551503518162;;;;;;
189513667722;;Tolerant_16;;;"Толерантный Петербург - от 1 до 2 человек - 5 часов - Премиум";;;;41500.00;;;"Состав:от 1 до 2 человек;Продолжительность:5 часов;Класс авто:Премиум";;IHm2BfJUsYskYuDE1p6V;970822781831;;;;;;;;;;;;;0;0;0;0;;;;;;https://createplanet.org/excursions/tproduct/679602099-970822781831-tolerantnii-peterburg?editionuid=189513667722;;;;;;
259243111432;;Tolerant_17;;;"Толерантный Петербург - от 1 до 2 человек - 5 часов - VIP";;;;51500.00;;;"Состав:от 1 до 2 человек;Продолжительность:5 часов;Класс авто:VIP";;IHm2BfJUsYskYuDE1p6V;970822781831;;;;;;;;;;;;;0;0;0;0;;;;;;https://createplanet.org/excursions/tproduct/679602099-970822781831-tolerantnii-peterburg?editionuid=259243111432;;;;;;
165179799672;;Tolerant_18;;;"Толерантный Петербург - от 3 до 6 человек - 5 часов - Комфорт";;;;28000.00;;;"Состав:от 3 до 6 человек;Продолжительность:5 часов;Класс авто:Комфорт";;IHm2BfJUsYskYuDE1p6V;970822781831;;;;;;;;;;;;;0;0;0;0;;;;;;https://createplanet.org/excursions/tproduct/679602099-970822781831-tolerantnii-peterburg?editionuid=165179799672;;;;;;
765153321992;;Tolerant_19;;;"Толерантный Петербург - от 3 до 6 человек - 5 часов - Бизнес";;;;35500.00;;;"Состав:от 3 до 6 человек;Продолжительность:5 часов;Класс авто:Бизнес";;IHm2BfJUsYskYuDE1p6V;970822781831;;;;;;;;;;;;;0;0;0;0;;;;;;https://createplanet.org/excursions/tproduct/679602099-970822781831-tolerantnii-peterburg?editionuid=765153321992;;;;;;
902754687572;;Tolerant_20;;;"Толерантный Петербург - от 3 до 6 человек - 5 часов - Премиум";;;;41500.00;;;"Состав:от 3 до 6 человек;Продолжительность:5 часов;Класс авто:Премиум";;IHm2BfJUsYskYuDE1p6V;970822781831;;;;;;;;;;;;;0;0;0;0;;;;;;https://createplanet.org/excursions/tproduct/679602099-970822781831-tolerantnii-peterburg?editionuid=902754687572;;;;;;
917935214262;;Tolerant_21;;;"Толерантный Петербург - от 7 до 15 человек - 5 часов - Комфорт";;;;32000.00;;;"Состав:от 7 до 15 человек;Продолжительность:5 часов;Класс авто:Комфорт";;IHm2BfJUsYskYuDE1p6V;970822781831;;;;;;;;;;;;;0;0;0;0;;;;;;https://createplanet.org/excursions/tproduct/679602099-970822781831-tolerantnii-peterburg?editionuid=917935214262;;;;;;
782087987432;;Tolerant_22;;;"Толерантный Петербург - от 7 до 15 человек - 5 часов - Бизнес";;;;35500.00;;;"Состав:от 7 до 15 человек;Продолжительность:5 часов;Класс авто:Бизнес";;IHm2BfJUsYskYuDE1p6V;970822781831;;;;;;;;;;;;;0;0;0;0;;;;;;https://createplanet.org/excursions/tproduct/679602099-970822781831-tolerantnii-peterburg?editionuid=782087987432;;;;;;
358579499622;;Tolerant_23;;;"Толерантный Петербург - от 16 до 30 человек - 5 часов - Комфорт";;;;42000.00;;;"Состав:от 16 до 30 человек;Продолжительность:5 часов;Класс авто:Комфорт";;IHm2BfJUsYskYuDE1p6V;970822781831;;;;;;;;;;;;;0;0;0;0;;;;;;https://createplanet.org/excursions/tproduct/679602099-970822781831-tolerantnii-peterburg?editionuid=358579499622;;;;;;
392360831072;;Tolerant_24;;;"Толерантный Петербург - от 16 до 30 человек - 5 часов - Бизнес";;;;48000.00;;;"Состав:от 16 до 30 человек;Продолжительность:5 часов;Класс авто:Бизнес";;IHm2BfJUsYskYuDE1p6V;970822781831;;;;;;;;;;;;;0;0;0;0;;;;;;https://createplanet.org/excursions/tproduct/679602099-970822781831-tolerantnii-peterburg?editionuid=392360831072;;;;;;
668791221382;;Tolerant_25;;;"Толерантный Петербург - от 31 до 50 человек - 5 часов - Комфорт";;;;49500.00;;;"Состав:от 31 до 50 человек;Продолжительность:5 часов;Класс авто:Комфорт";;IHm2BfJUsYskYuDE1p6V;970822781831;;;;;;;;;;;;;0;0;0;0;;;;;;https://createplanet.org/excursions/tproduct/679602099-970822781831-tolerantnii-peterburg?editionuid=668791221382;;;;;;
935801075732;;Tolerant_26;;;"Толерантный Петербург - от 31 до 50 человек - 5 часов - Бизнес";;;;56000.00;;;"Состав:от 31 до 50 человек;Продолжительность:5 часов;Класс авто:Бизнес";;IHm2BfJUsYskYuDE1p6V;970822781831;;;;;;;;;;;;;0;0;0;0;;;;;;https://createplanet.org/excursions/tproduct/679602099-970822781831-tolerantnii-peterburg?editionuid=935801075732;;;;;;
122601418341;"На авто";;HISTORY;"По городу";"Революционный Петроград";;;"https://static.tildacdn.com/tild3335-3136-4764-a566-323430363433/1__.jpeg https://static.tildacdn.com/stor6665-6366-4236-a630-313161313231/22621117.jpg https://static.tildacdn.com/stor3231-3764-4433-b537-616561643262/12746249.jpg https://static.tildacdn.com/stor3666-3036-4465-b732-636665353734/38851746.jpg https://static.tildacdn.com/stor3564-3737-4265-a336-393365376563/57770460.jpg https://static.tildacdn.com/stor6130-3966-4639-a266-396134323662/39943699.jpg";;;;"product_options:[{""title"":""Состав"",""params"":{""view"":""select"",""hasColor"":false,""linkImage"":false}},{""title"":""Продолжительность"",""params"":{""view"":""select"",""hasColor"":false,""linkImage"":false}},{""title"":""Класс авто"",""params"":{""view"":""select"",""hasColor"":false,""linkImage"":false}}]";;lnniabxkXksK41fE2URH;;Городская;;;;;;"3 часа";;;;;;0;0;0;0;"Город революций";"Политическая история страны";"Революции, Петербург, восстания, перевороты";"Город революций";"Политическая история страны";https://createplanet.org/excursions/tproduct/679602099-122601418341-revolyutsionnii-petrograd;"info|#|Маршрут экскурсии|#|Сенатская площадь<br />Спас на Крови<br /><strong> </strong>Марсово Поле<br />Михайловский замок<br />Площадь Восстания<br />Смольный институт<br />Таврический дворец<br />Шемякинские Сфинксы<br />Крейсер ""Аврора""<br />Соловецкий камень<br />Дом Политкаторжан";"template|#|Транспорт|#|Template without name|#|";"template|#|Важная информация|#|Важная информация (без музеев)|#|В стоимость экскурсии включены:<br /><ul><li>услуги гида</li><li>аренда транспорта с водителем</li></ul>";;;
663850701732;;Revolution_01;;;"Революционный Петроград - от 1 до 2 человек - 3 часа - Комфорт";;;;13500.00;;;"Состав:от 1 до 2 человек;Продолжительность:3 часа;Класс авто:Комфорт";;898HSPPrJP3XHtedE5Jb;122601418341;;;;;;;;;;;;;0;0;0;0;;;;;;https://createplanet.org/excursions/tproduct/679602099-122601418341-revolyutsionnii-petrograd?editionuid=663850701732;;;;;;
958625633662;;Revolution_02;;;"Революционный Петроград - от 1 до 2 человек - 3 часа - Бизнес";;;;16500.00;;;"Состав:от 1 до 2 человек;Продолжительность:3 часа;Класс авто:Бизнес";;MunsLXkkh72IgcIOtlHE;122601418341;;;;;;;;;;;;;0;0;0;0;;;;;;https://createplanet.org/excursions/tproduct/679602099-122601418341-revolyutsionnii-petrograd?editionuid=958625633662;;;;;;
631648087242;;Revolution_03;;;"Революционный Петроград - от 1 до 2 человек - 3 часа - Премиум";;;;23500.00;;;"Состав:от 1 до 2 человек;Продолжительность:3 часа;Класс авто:Премиум";;HiRp5BxiIGnEPVKlpcZG;122601418341;;;;;;;;;;;;;0;0;0;0;;;;;;https://createplanet.org/excursions/tproduct/679602099-122601418341-revolyutsionnii-petrograd?editionuid=631648087242;;;;;;
922999927292;;Revolution_04;;;"Революционный Петроград - от 1 до 2 человек - 3 часа - VIP";;;;30000.00;;;"Состав:от 1 до 2 человек;Продолжительность:3 часа;Класс авто:VIP";;CbhMVmeVjYTFiiIi1rhx;122601418341;;;;;;;;;;;;;0;0;0;0;;;;;;https://createplanet.org/excursions/tproduct/679602099-122601418341-revolyutsionnii-petrograd?editionuid=922999927292;;;;;;
555696733732;;Revolution_05;;;"Революционный Петроград - от 3 до 6 человек - 3 часа - Комфорт";;;;14500.00;;;"Состав:от 3 до 6 человек;Продолжительность:3 часа;Класс авто:Комфорт";;GJB6EnATTc8LctDP3agU;122601418341;;;;;;;;;;;;;0;0;0;0;;;;;;https://createplanet.org/excursions/tproduct/679602099-122601418341-revolyutsionnii-petrograd?editionuid=555696733732;;;;;;
166493242422;;Revolution_06;;;"Революционный Петроград - от 3 до 6 человек - 3 часа - Бизнес";;;;19500.00;;;"Состав:от 3 до 6 человек;Продолжительность:3 часа;Класс авто:Бизнес";;grMg1HXnLTsiMmcjbSom;122601418341;;;;;;;;;;;;;0;0;0;0;;;;;;https://createplanet.org/excursions/tproduct/679602099-122601418341-revolyutsionnii-petrograd?editionuid=166493242422;;;;;;
911689655502;;Revolution_07;;;"Революционный Петроград - от 3 до 6 человек - 3 часа - Премиум";;;;23500.00;;;"Состав:от 3 до 6 человек;Продолжительность:3 часа;Класс авто:Премиум";;HdrvdeHp3JAlgjiYpM7L;122601418341;;;;;;;;;;;;;0;0;0;0;;;;;;https://createplanet.org/excursions/tproduct/679602099-122601418341-revolyutsionnii-petrograd?editionuid=911689655502;;;;;;
418691095582;;Revolution_08;;;"Революционный Петроград - от 7 до 15 человек - 3 часа - Комфорт";;;;17500.00;;;"Состав:от 7 до 15 человек;Продолжительность:3 часа;Класс авто:Комфорт";;X62gefSm3lM7VkdVTzT0;122601418341;;;;;;;;;;;;;0;0;0;0;;;;;;https://createplanet.org/excursions/tproduct/679602099-122601418341-revolyutsionnii-petrograd?editionuid=418691095582;;;;;;
324708804182;;Revolution_09;;;"Революционный Петроград - от 7 до 15 человек - 3 часа - Бизнес";;;;20000.00;;;"Состав:от 7 до 15 человек;Продолжительность:3 часа;Класс авто:Бизнес";;5NxUSuatrutlOIrpegTd;122601418341;;;;;;;;;;;;;0;0;0;0;;;;;;https://createplanet.org/excursions/tproduct/679602099-122601418341-revolyutsionnii-petrograd?editionuid=324708804182;;;;;;
407783435792;;Revolution_10;;;"Революционный Петроград - от 16 до 30 человек - 3 часа - Комфорт";;;;22000.00;;;"Состав:от 16 до 30 человек;Продолжительность:3 часа;Класс авто:Комфорт";;cgXYhU5ZMrVkFkaHcYUs;122601418341;;;;;;;;;;;;;0;0;0;0;;;;;;https://createplanet.org/excursions/tproduct/679602099-122601418341-revolyutsionnii-petrograd?editionuid=407783435792;;;;;;
553648259102;;Revolution_11;;;"Революционный Петроград - от 16 до 30 человек - 3 часа - Бизнес";;;;26000.00;;;"Состав:от 16 до 30 человек;Продолжительность:3 часа;Класс авто:Бизнес";;O81KTJcdO8cHcvCasOSh;122601418341;;;;;;;;;;;;;0;0;0;0;;;;;;https://createplanet.org/excursions/tproduct/679602099-122601418341-revolyutsionnii-petrograd?editionuid=553648259102;;;;;;
718848548342;;Revolution_12;;;"Революционный Петроград - от 31 до 50 человек - 3 часа - Комфорт";;;;25000.00;;;"Состав:от 31 до 50 человек;Продолжительность:3 часа;Класс авто:Комфорт";;RiPNrTE8E0s0GnpJ4S1j;122601418341;;;;;;;;;;;;;0;0;0;0;;;;;;https://createplanet.org/excursions/tproduct/679602099-122601418341-revolyutsionnii-petrograd?editionuid=718848548342;;;;;;
564188656992;;Revolution_13;;;"Революционный Петроград - от 31 до 50 человек - 3 часа - Бизнес";;;;29000.00;;;"Состав:от 31 до 50 человек;Продолжительность:3 часа;Класс авто:Бизнес";;li8cus2VSRcxCMor5I9r;122601418341;;;;;;;;;;;;;0;0;0;0;;;;;;https://createplanet.org/excursions/tproduct/679602099-122601418341-revolyutsionnii-petrograd?editionuid=564188656992;;;;;;
820457733601;"На авто";;;"По городу";"Триста лет Российскому флоту";"История отечественного флота в нашей тематической экскурсии";"Санкт-Петербург и отечественный флот - две неразрывно связанные линии в истории нашей страны. Питер невозможно представить иным, т.к. город#nbsp;задумывался ради одной цели - моря.#nbsp;#nbsp;<br />На верфях города#nbsp;вырастали деревянные, а позже стальные армады кораблей, из портов Петербурга#nbsp;отправлялись первые военные и гражданские экспедиции, во главе которых стояли талантливые офицеры, прошедшие северные ветры, закалённые в кузнице российской науки и инженерной мысли.";"https://static.tildacdn.com/tild3639-3166-4134-a235-633034623566/2_-_.jpeg https://static.tildacdn.com/stor3865-3563-4436-b736-376533336464/24155060.jpg https://static.tildacdn.com/stor6138-3038-4433-a230-383935636162/18758298.jpg https://static.tildacdn.com/stor6331-3931-4331-a362-373763393335/94287730.jpg https://static.tildacdn.com/stor6363-6639-4265-b131-623935653737/82179535.jpg https://static.tildacdn.com/stor3964-6161-4330-b238-663738396339/22389478.jpg";;;;"product_options:[{""title"":""Состав"",""params"":{""view"":""select"",""hasColor"":false,""linkImage"":false}},{""title"":""Продолжительность"",""params"":{""view"":""select"",""hasColor"":false,""linkImage"":false}},{""title"":""Класс авто"",""params"":{""view"":""select"",""hasColor"":false,""linkImage"":false}}]";;hpfT2Hcz8hMaG7dMg16V;;;;;;;;;;;;;;0;0;0;0;"300 лет Российскому флоту";"Тематическая экскурсия, посвященная истории Русского Флота, основанного Петром I";"Тематическая экскурсия, Русский флот, Петербург, морская столица";"300 лет Российскому флоту";"Тематическая экскурсия, посвященная истории Русского Флота, основанного Петром I";https://createplanet.org/excursions/tproduct/679602099-820457733601-trista-let-rossiiskomu-flotu;"info|#|Маршрут экскурсии|#|<strong>3 часа</strong><br />Адмиралтейство<br />Николо-Богоявленский Морской Собор<br />Новая Голландия<br />Военно-морской музей<br />Училище им. Петра Великого<br />Памятник И.Ф. Крузенштерну<br />Ледокол ""Красин""<br />Подводная лодка С-189<br />Андреевский собор<br />Стрелка В.О<br />Троицкая площадь<br />Памятник 300-ие Российского флота<br />Крейсер ""Аврора""<br />Нахимовское училище<br />Памятник морякам миноносца ""Стерегущий""<br /><strong>4 часа</strong><br />с посещением ""Крейсера Аврора""";"template|#|Транспорт|#|Транпорт|#|Экскурсии осуществляются на авто комфорт класса и выше в зависимости от Вашего выбора. Более подробная информация в разделе транспорт.";"template|#|Входные билеты|#|Важная информация (без музеев)|#|В стоимость экскурсии включены:<br /><ul><li>услуги гида</li><li>аренда транспорта с водителем</li></ul>";;;
610749076822;;Navy_01;;;"Триста лет Российскому флоту - от 1 до 2 человек - 3 часа - Комфорт";;;;13500.00;;;"Состав:от 1 до 2 человек;Продолжительность:3 часа;Класс авто:Комфорт";;oOLSiSnOfu9IUrzIhUJX;820457733601;;;;;;;;;;;;;0;0;0;0;;;;;;https://createplanet.org/excursions/tproduct/679602099-820457733601-trista-let-rossiiskomu-flotu?editionuid=610749076822;;;;;;
942424028612;;Navy_02;;;"Триста лет Российскому флоту - от 1 до 2 человек - 3 часа - Бизнес";;;;16500.00;;;"Состав:от 1 до 2 человек;Продолжительность:3 часа;Класс авто:Бизнес";;KRsDLvXsgk0UjOubFLUc;820457733601;;;;;;;;;;;;;0;0;0;0;;;;;;https://createplanet.org/excursions/tproduct/679602099-820457733601-trista-let-rossiiskomu-flotu?editionuid=942424028612;;;;;;
721196642022;;Navy_03;;;"Триста лет Российскому флоту - от 1 до 2 человек - 3 часа - Премиум";;;;23500.00;;;"Состав:от 1 до 2 человек;Продолжительность:3 часа;Класс авто:Премиум";;ctTrmYP4e6eAetNncfKV;820457733601;;;;;;;;;;;;;0;0;0;0;;;;;;https://createplanet.org/excursions/tproduct/679602099-820457733601-trista-let-rossiiskomu-flotu?editionuid=721196642022;;;;;;
937135732022;;Navy_04;;;"Триста лет Российскому флоту - от 1 до 2 человек - 3 часа - VIP";;;;30000.00;;;"Состав:от 1 до 2 человек;Продолжительность:3 часа;Класс авто:VIP";;G1Y6vtxFtJp5DAi9ApFU;820457733601;;;;;;;;;;;;;0;0;0;0;;;;;;https://createplanet.org/excursions/tproduct/679602099-820457733601-trista-let-rossiiskomu-flotu?editionuid=937135732022;;;;;;
343458322892;;Navy_05;;;"Триста лет Российскому флоту - от 3 до 6 человек - 3 часа - Комфорт";;;;14500.00;;;"Состав:от 3 до 6 человек;Продолжительность:3 часа;Класс авто:Комфорт";;DbI6yh3xHroe763zvFEL;820457733601;;;;;;;;;;;;;0;0;0;0;;;;;;https://createplanet.org/excursions/tproduct/679602099-820457733601-trista-let-rossiiskomu-flotu?editionuid=343458322892;;;;;;
400469279502;;Navy_06;;;"Триста лет Российскому флоту - от 3 до 6 человек - 3 часа - Бизнес";;;;19500.00;;;"Состав:от 3 до 6 человек;Продолжительность:3 часа;Класс авто:Бизнес";;lUm07BNn2kIcdoNH4Jxa;820457733601;;;;;;;;;;;;;0;0;0;0;;;;;;https://createplanet.org/excursions/tproduct/679602099-820457733601-trista-let-rossiiskomu-flotu?editionuid=400469279502;;;;;;
706614645892;;Navy_07;;;"Триста лет Российскому флоту - от 3 до 6 человек - 3 часа - Премиум";;;;23500.00;;;"Состав:от 3 до 6 человек;Продолжительность:3 часа;Класс авто:Премиум";;S0tt5ZjKbSmOvcNXg8I4;820457733601;;;;;;;;;;;;;0;0;0;0;;;;;;https://createplanet.org/excursions/tproduct/679602099-820457733601-trista-let-rossiiskomu-flotu?editionuid=706614645892;;;;;;
887500633712;;Navy_08;;;"Триста лет Российскому флоту - от 7 до 15 человек - 3 часа - Комфорт";;;;17500.00;;;"Состав:от 7 до 15 человек;Продолжительность:3 часа;Класс авто:Комфорт";;EeFzdT2VvBVFkGAoJEaF;820457733601;;;;;;;;;;;;;0;0;0;0;;;;;;https://createplanet.org/excursions/tproduct/679602099-820457733601-trista-let-rossiiskomu-flotu?editionuid=887500633712;;;;;;
783510482112;;Navy_09;;;"Триста лет Российскому флоту - от 7 до 15 человек - 3 часа - Бизнес";;;;20000.00;;;"Состав:от 7 до 15 человек;Продолжительность:3 часа;Класс авто:Бизнес";;rhzyMtuXM5fXikPG7KV6;820457733601;;;;;;;;;;;;;0;0;0;0;;;;;;https://createplanet.org/excursions/tproduct/679602099-820457733601-trista-let-rossiiskomu-flotu?editionuid=783510482112;;;;;;
918923059522;;Navy_10;;;"Триста лет Российскому флоту - от 16 до 30 человек - 3 часа - Комфорт";;;;22000.00;;;"Состав:от 16 до 30 человек;Продолжительность:3 часа;Класс авто:Комфорт";;pJ4kJAY7hURYFEHs5kuB;820457733601;;;;;;;;;;;;;0;0;0;0;;;;;;https://createplanet.org/excursions/tproduct/679602099-820457733601-trista-let-rossiiskomu-flotu?editionuid=918923059522;;;;;;
772340417922;;Navy_11;;;"Триста лет Российскому флоту - от 16 до 30 человек - 3 часа - Бизнес";;;;26000.00;;;"Состав:от 16 до 30 человек;Продолжительность:3 часа;Класс авто:Бизнес";;obuHsr2YdmoN0rMb22e2;820457733601;;;;;;;;;;;;;0;0;0;0;;;;;;https://createplanet.org/excursions/tproduct/679602099-820457733601-trista-let-rossiiskomu-flotu?editionuid=772340417922;;;;;;
535505232282;;Navy_12;;;"Триста лет Российскому флоту - от 31 до 50 человек - 3 часа - Комфорт";;;;25000.00;;;"Состав:от 31 до 50 человек;Продолжительность:3 часа;Класс авто:Комфорт";;hO8tyEMMPE4ibatfNPOC;820457733601;;;;;;;;;;;;;0;0;0;0;;;;;;https://createplanet.org/excursions/tproduct/679602099-820457733601-trista-let-rossiiskomu-flotu?editionuid=535505232282;;;;;;
337886426142;;Navy_13;;;"Триста лет Российскому флоту - от 31 до 50 человек - 3 часа - Бизнес";;;;29000.00;;;"Состав:от 31 до 50 человек;Продолжительность:3 часа;Класс авто:Бизнес";;F30etV5bNKjI8JDLc8Ck;820457733601;;;;;;;;;;;;;0;0;0;0;;;;;;https://createplanet.org/excursions/tproduct/679602099-820457733601-trista-let-rossiiskomu-flotu?editionuid=337886426142;;;;;;
569265373111;"На авто";;;"По городу";"Блокадные дни Ленинграда";"Экскурсия по местам памяти блокадного Ленинграда";"Экскурсия посвящена жителям блокадного Ленинграда, выстоявшим 900 дней голода и холода и беспрерывных бомбежек. Вы узнаете из чего состоял хлеб в блокадном Ленинграде, узнаете, что ели в осажденном немцами городе, что такое кошачий ""спецназ"" и кто вселял в жителей Ленинграда веру в скорую Победу! В городе сохранились объекты, напоминающие нам о тех страшных днях - это и колонны Исаакиевского собора, и четная сторона Невского проспекта, и громкоговоритель, и многое-многое другое.";"https://static.tildacdn.com/tild6161-3333-4331-a437-343566303634/1__.jpeg https://static.tildacdn.com/stor3633-6534-4662-b938-336436616534/83372872.jpg https://static.tildacdn.com/stor6132-3532-4962-a534-346466623939/16122701.jpg https://static.tildacdn.com/stor3632-3838-4262-a137-396433643034/57880685.jpg https://static.tildacdn.com/stor3061-3536-4935-b736-616366333937/89715731.jpg https://static.tildacdn.com/stor6137-3762-4066-b766-623534646164/20388327.jpg";;;;"product_options:[{""title"":""Состав"",""params"":{""view"":""select"",""hasColor"":false,""linkImage"":false}},{""title"":""Продолжительность"",""params"":{""view"":""select"",""hasColor"":false,""linkImage"":false}},{""title"":""Класс авто"",""params"":{""view"":""select"",""hasColor"":false,""linkImage"":false}}]";;M0FLRSBMSv552svu7Rv3;;Городская;;;;;;"5 часов";;;;;;0;0;0;0;"Блокадные дни Ленинграда";"Экскурсия по местам памяти Блокадного Ленинграда с посещением Пискарёвского мемориального кладбища и мемориального музея обороны и блокады Ленинграда";"Блокада Ленинграда, экскурсия по местам Блокады";"Блокадные дни Ленинграда";"Экскурсия по местам памяти Блокадного Ленинграда с посещением Пискарёвского мемориального кладбища и мемориального музея обороны и блокады Ленинграда";https://createplanet.org/excursions/tproduct/679602099-569265373111-blokadnie-dni-leningrada;"info|#|Маршрут экскурсии|#|<strong>3 часа</strong><br />Дом Тани Савичевой<br />Исаакиевский собор<br />Филармония Дмитрия Шостаковича<br />Дом Радио<br />Памятник Блокадным кошкам<br />Блокадная прорубь<br />Блокадная подстанция<br /><strong>5 часов</strong><br />Пискарёсвкое мемориальное кладбище";"template|#|Транспорт|#|Template without name|#|";"template|#|Важная информация|#|Важная информация (без музеев)|#|В стоимость экскурсии включены:<br /><ul><li>услуги гида</li><li>аренда транспорта с водителем</li></ul>";;;
782035847622;;Siege_01;;;"Блокадные дни Ленинграда - от 1 до 2 человек - 3 часа - Комфорт";;;;13000.00;;;"Состав:от 1 до 2 человек;Продолжительность:3 часа;Класс авто:Комфорт";;6KDZDUNRfeyZJ7UDyrkD;569265373111;;;;;;;;;;;;;0;0;0;0;;;;;;https://createplanet.org/excursions/tproduct/679602099-569265373111-blokadnie-dni-leningrada?editionuid=782035847622;;;;;;
134667576092;;Siege_02;;;"Блокадные дни Ленинграда - от 1 до 2 человек - 3 часа - Бизнес";;;;16500.00;;;"Состав:от 1 до 2 человек;Продолжительность:3 часа;Класс авто:Бизнес";;HklXF0UT0zTdBHiUzID7;569265373111;;;;;;;;;;;;;0;0;0;0;;;;;;https://createplanet.org/excursions/tproduct/679602099-569265373111-blokadnie-dni-leningrada?editionuid=134667576092;;;;;;
825757156012;;Siege_03;;;"Блокадные дни Ленинграда - от 1 до 2 человек - 3 часа - Премиум";;;;23000.00;;;"Состав:от 1 до 2 человек;Продолжительность:3 часа;Класс авто:Премиум";;4jSVE29ELtOyjlfOHyVc;569265373111;;;;;;;;;;;;;0;0;0;0;;;;;;https://createplanet.org/excursions/tproduct/679602099-569265373111-blokadnie-dni-leningrada?editionuid=825757156012;;;;;;
819972409042;;Siege_04;;;"Блокадные дни Ленинграда - от 1 до 2 человек - 3 часа - VIP";;;;30000.00;;;"Состав:от 1 до 2 человек;Продолжительность:3 часа;Класс авто:VIP";;6Dj6Rle0NV1a24nX0gY4;569265373111;;;;;;;;;;;;;0;0;0;0;;;;;;https://createplanet.org/excursions/tproduct/679602099-569265373111-blokadnie-dni-leningrada?editionuid=819972409042;;;;;;
297778276362;;Siege_05;;;"Блокадные дни Ленинграда - от 3 до 6 человек - 3 часа - Комфорт";;;;14000.00;;;"Состав:от 3 до 6 человек;Продолжительность:3 часа;Класс авто:Комфорт";;R8MMvDINRzAY3lif8p9l;569265373111;;;;;;;;;;;;;0;0;0;0;;;;;;https://createplanet.org/excursions/tproduct/679602099-569265373111-blokadnie-dni-leningrada?editionuid=297778276362;;;;;;
270067449472;;Siege_06;;;"Блокадные дни Ленинграда - от 3 до 6 человек - 3 часа - Бизнес";;;;19000.00;;;"Состав:от 3 до 6 человек;Продолжительность:3 часа;Класс авто:Бизнес";;bGtfBVaF7PvRYcKG4dF0;569265373111;;;;;;;;;;;;;0;0;0;0;;;;;;https://createplanet.org/excursions/tproduct/679602099-569265373111-blokadnie-dni-leningrada?editionuid=270067449472;;;;;;
338444595352;;Siege_07;;;"Блокадные дни Ленинграда - от 3 до 6 человек - 3 часа - Премиум";;;;23000.00;;;"Состав:от 3 до 6 человек;Продолжительность:3 часа;Класс авто:Премиум";;59hSc5tt1OcZ06KzdRbt;569265373111;;;;;;;;;;;;;0;0;0;0;;;;;;https://createplanet.org/excursions/tproduct/679602099-569265373111-blokadnie-dni-leningrada?editionuid=338444595352;;;;;;
228433704302;;Siege_08;;;"Блокадные дни Ленинграда - от 7 до 15 человек - 3 часа - Комфорт";;;;16500.00;;;"Состав:от 7 до 15 человек;Продолжительность:3 часа;Класс авто:Комфорт";;lZV1CtusfgSjLhGATfar;569265373111;;;;;;;;;;;;;0;0;0;0;;;;;;https://createplanet.org/excursions/tproduct/679602099-569265373111-blokadnie-dni-leningrada?editionuid=228433704302;;;;;;
409961732162;;Siege_09;;;"Блокадные дни Ленинграда - от 7 до 15 человек - 3 часа - Бизнес";;;;19000.00;;;"Состав:от 7 до 15 человек;Продолжительность:3 часа;Класс авто:Бизнес";;kD1KPHhpIECf6OuGsagN;569265373111;;;;;;;;;;;;;0;0;0;0;;;;;;https://createplanet.org/excursions/tproduct/679602099-569265373111-blokadnie-dni-leningrada?editionuid=409961732162;;;;;;
251552827102;;Siege_10;;;"Блокадные дни Ленинграда - от 16 до 30 человек - 3 часа - Комфорт";;;;21000.00;;;"Состав:от 16 до 30 человек;Продолжительность:3 часа;Класс авто:Комфорт";;0G1zorI7XIlIONK1S3yN;569265373111;;;;;;;;;;;;;0;0;0;0;;;;;;https://createplanet.org/excursions/tproduct/679602099-569265373111-blokadnie-dni-leningrada?editionuid=251552827102;;;;;;
395281368712;;Siege_11;;;"Блокадные дни Ленинграда - от 16 до 30 человек - 3 часа - Бизнес";;;;25000.00;;;"Состав:от 16 до 30 человек;Продолжительность:3 часа;Класс авто:Бизнес";;ivxvKMxeCYJjTGR436o6;569265373111;;;;;;;;;;;;;0;0;0;0;;;;;;https://createplanet.org/excursions/tproduct/679602099-569265373111-blokadnie-dni-leningrada?editionuid=395281368712;;;;;;
207550766562;;Siege_12;;;"Блокадные дни Ленинграда - от 31 до 50 человек - 3 часа - Комфорт";;;;24000.00;;;"Состав:от 31 до 50 человек;Продолжительность:3 часа;Класс авто:Комфорт";;IX3MrJU7scGCIxVmTCBU;569265373111;;;;;;;;;;;;;0;0;0;0;;;;;;https://createplanet.org/excursions/tproduct/679602099-569265373111-blokadnie-dni-leningrada?editionuid=207550766562;;;;;;
836761237132;;Siege_13;;;"Блокадные дни Ленинграда - от 31 до 50 человек - 3 часа - Бизнес";;;;28000.00;;;"Состав:от 31 до 50 человек;Продолжительность:3 часа;Класс авто:Бизнес";;k02bGyNg9NzMYUpVeVeH;569265373111;;;;;;;;;;;;;0;0;0;0;;;;;;https://createplanet.org/excursions/tproduct/679602099-569265373111-blokadnie-dni-leningrada?editionuid=836761237132;;;;;;
639434753122;;Siege_14;;;"Блокадные дни Ленинграда - от 1 до 2 человек - 5 часов - Комфорт";;;;19500.00;;;"Состав:от 1 до 2 человек;Продолжительность:5 часов;Класс авто:Комфорт";;o0kp28M0ngxBlaldToKd;569265373111;;;;;;;;;;;;;0;0;0;0;;;;;;https://createplanet.org/excursions/tproduct/679602099-569265373111-blokadnie-dni-leningrada?editionuid=639434753122;;;;;;
405143908012;;Siege_15;;;"Блокадные дни Ленинграда - от 1 до 2 человек - 5 часов - Бизнес";;;;24500.00;;;"Состав:от 1 до 2 человек;Продолжительность:5 часов;Класс авто:Бизнес";;cBziXSKzz8Do45pzCaKJ;569265373111;;;;;;;;;;;;;0;0;0;0;;;;;;https://createplanet.org/excursions/tproduct/679602099-569265373111-blokadnie-dni-leningrada?editionuid=405143908012;;;;;;
232966254052;;Siege_16;;;"Блокадные дни Ленинграда - от 1 до 2 человек - 5 часов - Премиум";;;;34500.00;;;"Состав:от 1 до 2 человек;Продолжительность:5 часов;Класс авто:Премиум";;PUMn6rMHLe8cyLbrcG4v;569265373111;;;;;;;;;;;;;0;0;0;0;;;;;;https://createplanet.org/excursions/tproduct/679602099-569265373111-blokadnie-dni-leningrada?editionuid=232966254052;;;;;;
246842354032;;Siege_17;;;"Блокадные дни Ленинграда - от 1 до 2 человек - 5 часов - VIP";;;;44500.00;;;"Состав:от 1 до 2 человек;Продолжительность:5 часов;Класс авто:VIP";;RcmSCStxFT15pzK49mBU;569265373111;;;;;;;;;;;;;0;0;0;0;;;;;;https://createplanet.org/excursions/tproduct/679602099-569265373111-blokadnie-dni-leningrada?editionuid=246842354032;;;;;;
957821726842;;Siege_18;;;"Блокадные дни Ленинграда - от 3 до 6 человек - 5 часов - Комфорт";;;;21000.00;;;"Состав:от 3 до 6 человек;Продолжительность:5 часов;Класс авто:Комфорт";;6akKSHd8sCvKOJXoKg1x;569265373111;;;;;;;;;;;;;0;0;0;0;;;;;;https://createplanet.org/excursions/tproduct/679602099-569265373111-blokadnie-dni-leningrada?editionuid=957821726842;;;;;;
520688644942;;Siege_19;;;"Блокадные дни Ленинграда - от 3 до 6 человек - 5 часов - Бизнес";;;;28500.00;;;"Состав:от 3 до 6 человек;Продолжительность:5 часов;Класс авто:Бизнес";;2e9JRxx6SzCO9r42SfEn;569265373111;;;;;;;;;;;;;0;0;0;0;;;;;;https://createplanet.org/excursions/tproduct/679602099-569265373111-blokadnie-dni-leningrada?editionuid=520688644942;;;;;;
518976193502;;Siege_20;;;"Блокадные дни Ленинграда - от 3 до 6 человек - 5 часов - Премиум";;;;34500.00;;;"Состав:от 3 до 6 человек;Продолжительность:5 часов;Класс авто:Премиум";;olNxDfU7C3XgJVTPCPVA;569265373111;;;;;;;;;;;;;0;0;0;0;;;;;;https://createplanet.org/excursions/tproduct/679602099-569265373111-blokadnie-dni-leningrada?editionuid=518976193502;;;;;;
306390672882;;Siege_21;;;"Блокадные дни Ленинграда - от 7 до 15 человек - 5 часов - Комфорт";;;;25000.00;;;"Состав:от 7 до 15 человек;Продолжительность:5 часов;Класс авто:Комфорт";;x1Zd869u8fmRb29aH5DX;569265373111;;;;;;;;;;;;;0;0;0;0;;;;;;https://createplanet.org/excursions/tproduct/679602099-569265373111-blokadnie-dni-leningrada?editionuid=306390672882;;;;;;
743213611072;;Siege_22;;;"Блокадные дни Ленинграда - от 7 до 15 человек - 5 часов - Бизнес";;;;28500.00;;;"Состав:от 7 до 15 человек;Продолжительность:5 часов;Класс авто:Бизнес";;PDJxkPxm0ovVUuoAOR0b;569265373111;;;;;;;;;;;;;0;0;0;0;;;;;;https://createplanet.org/excursions/tproduct/679602099-569265373111-blokadnie-dni-leningrada?editionuid=743213611072;;;;;;
563816853412;;Siege_23;;;"Блокадные дни Ленинграда - от 16 до 30 человек - 5 часов - Комфорт";;;;31500.00;;;"Состав:от 16 до 30 человек;Продолжительность:5 часов;Класс авто:Комфорт";;3RoyGVhu3XAORHYTALD6;569265373111;;;;;;;;;;;;;0;0;0;0;;;;;;https://createplanet.org/excursions/tproduct/679602099-569265373111-blokadnie-dni-leningrada?editionuid=563816853412;;;;;;
940682817562;;Siege_24;;;"Блокадные дни Ленинграда - от 16 до 30 человек - 5 часов - Бизнес";;;;37500.00;;;"Состав:от 16 до 30 человек;Продолжительность:5 часов;Класс авто:Бизнес";;f1lvFnKANSJGCmm51dnp;569265373111;;;;;;;;;;;;;0;0;0;0;;;;;;https://createplanet.org/excursions/tproduct/679602099-569265373111-blokadnie-dni-leningrada?editionuid=940682817562;;;;;;
761385244952;;Siege_25;;;"Блокадные дни Ленинграда - от 31 до 50 человек - 5 часов - Комфорт";;;;36000.00;;;"Состав:от 31 до 50 человек;Продолжительность:5 часов;Класс авто:Комфорт";;gFxn6kBEGEEpn7PREU9z;569265373111;;;;;;;;;;;;;0;0;0;0;;;;;;https://createplanet.org/excursions/tproduct/679602099-569265373111-blokadnie-dni-leningrada?editionuid=761385244952;;;;;;
662833414112;;Siege_26;;;"Блокадные дни Ленинграда - от 31 до 50 человек - 5 часов - Бизнес";;;;42000.00;;;"Состав:от 31 до 50 человек;Продолжительность:5 часов;Класс авто:Бизнес";;htkeMZZc9ODz8V3KLIFY;569265373111;;;;;;;;;;;;;0;0;0;0;;;;;;https://createplanet.org/excursions/tproduct/679602099-569265373111-blokadnie-dni-leningrada?editionuid=662833414112;;;;;;
754659493551;"На авто";;NEW;"По городу";"Вольные каменщики";;;"https://static.tildacdn.com/tild3663-3133-4834-b239-366631356136/1__.jpg https://static.tildacdn.com/stor3563-3535-4463-b833-643039303539/76041429.jpg https://static.tildacdn.com/stor3065-3663-4362-a363-383737363132/14790738.jpg https://static.tildacdn.com/stor3933-6239-4364-a438-383837323436/40774235.jpg https://static.tildacdn.com/stor6332-3663-4534-a330-346266663461/89414447.jpg https://static.tildacdn.com/stor3863-6633-4632-b064-633666633561/46157444.jpg";;;;"product_options:[{""title"":""Состав"",""params"":{""view"":""select"",""hasColor"":false,""linkImage"":false}},{""title"":""Продолжительность"",""params"":{""view"":""select"",""hasColor"":false,""linkImage"":false}},{""title"":""Класс авто"",""params"":{""view"":""select"",""hasColor"":false,""linkImage"":false}}]";;RnOtC0pM6RUHgAzGiMOg;;Городская;;;;;;"3 часа";;;;;;0;0;0;0;"Вольные каменщики";"Тематическая экскурсия в историю петербургского масонства, где мы приоткроем двери в мир популярного философского течения 18-19 веков";"Тематическая экскурсия, масоны, масоны в Петербурге, масоны и цари, масонство в России";"Вольные каменщики";"Тематическая экскурсия в историю петербургского масонства, где мы приоткроем двери в мир популярного философского течения 18-19 веков";https://createplanet.org/excursions/tproduct/679602099-754659493551-volnie-kamenschiki;"info|#|Маршрут экскурсии|#|<strong>3 часа</strong><br />Елагин остров<br />Михайловский замок<br />Воронцовский дворец<br />Казанский собор<br />Строгановский дворец<br />Особняк Шретера<br /><br /><strong>4 часа +</strong><br />Музей истории религии<br /><br />";"template|#|Транспорт|#|Template without name|#|";"template|#|Важная информация|#|Важная информация (без музеев)|#|В стоимость экскурсии включены:<br /><ul><li>услуги гида</li><li>аренда транспорта с водителем</li></ul>";;;
289681127932;;Freemasonry_01;;;"Вольные каменщики - от 1 до 2 человек - 3 часа - Комфорт";;;;13500.00;;;"Состав:от 1 до 2 человек;Продолжительность:3 часа;Класс авто:Комфорт";;0B5yZ813XGLobc1TUUX8;754659493551;;;;;;;;;;;;;0;0;0;0;;;;;;https://createplanet.org/excursions/tproduct/679602099-754659493551-volnie-kamenschiki?editionuid=289681127932;;;;;;
906203961612;;Freemasonry_02;;;"Вольные каменщики - от 1 до 2 человек - 3 часа - Бизнес";;;;16500.00;;;"Состав:от 1 до 2 человек;Продолжительность:3 часа;Класс авто:Бизнес";;ADHobn3FEEUidlvyFcyt;754659493551;;;;;;;;;;;;;0;0;0;0;;;;;;https://createplanet.org/excursions/tproduct/679602099-754659493551-volnie-kamenschiki?editionuid=906203961612;;;;;;
131838973652;;Freemasonry_03;;;"Вольные каменщики - от 1 до 2 человек - 3 часа - Премиум";;;;23500.00;;;"Состав:от 1 до 2 человек;Продолжительность:3 часа;Класс авто:Премиум";;YoMNp9zLlPMxngPmXd25;754659493551;;;;;;;;;;;;;0;0;0;0;;;;;;https://createplanet.org/excursions/tproduct/679602099-754659493551-volnie-kamenschiki?editionuid=131838973652;;;;;;
248098034482;;Freemasonry_04;;;"Вольные каменщики - от 1 до 2 человек - 3 часа - VIP";;;;30000.00;;;"Состав:от 1 до 2 человек;Продолжительность:3 часа;Класс авто:VIP";;kO4bgxHZzGdKLvLmcO35;754659493551;;;;;;;;;;;;;0;0;0;0;;;;;;https://createplanet.org/excursions/tproduct/679602099-754659493551-volnie-kamenschiki?editionuid=248098034482;;;;;;
366403712602;;Freemasonry_05;;;"Вольные каменщики - от 3 до 6 человек - 3 часа - Комфорт";;;;14500.00;;;"Состав:от 3 до 6 человек;Продолжительность:3 часа;Класс авто:Комфорт";;6VxY9S2bbLyYV3aGLyUo;754659493551;;;;;;;;;;;;;0;0;0;0;;;;;;https://createplanet.org/excursions/tproduct/679602099-754659493551-volnie-kamenschiki?editionuid=366403712602;;;;;;
928244940282;;Freemasonry_06;;;"Вольные каменщики - от 3 до 6 человек - 3 часа - Бизнес";;;;19500.00;;;"Состав:от 3 до 6 человек;Продолжительность:3 часа;Класс авто:Бизнес";;ZkFEGriP2a4uzSG7ctTI;754659493551;;;;;;;;;;;;;0;0;0;0;;;;;;https://createplanet.org/excursions/tproduct/679602099-754659493551-volnie-kamenschiki?editionuid=928244940282;;;;;;
943629279402;;Freemasonry_07;;;"Вольные каменщики - от 3 до 6 человек - 3 часа - Премиум";;;;23500.00;;;"Состав:от 3 до 6 человек;Продолжительность:3 часа;Класс авто:Премиум";;FVbKSmdBOrd8JolfaiBk;754659493551;;;;;;;;;;;;;0;0;0;0;;;;;;https://createplanet.org/excursions/tproduct/679602099-754659493551-volnie-kamenschiki?editionuid=943629279402;;;;;;
928974331762;;Freemasonry_08;;;"Вольные каменщики - от 7 до 15 человек - 3 часа - Комфорт";;;;17500.00;;;"Состав:от 7 до 15 человек;Продолжительность:3 часа;Класс авто:Комфорт";;oiOLzx1STjfj0kkXzKpV;754659493551;;;;;;;;;;;;;0;0;0;0;;;;;;https://createplanet.org/excursions/tproduct/679602099-754659493551-volnie-kamenschiki?editionuid=928974331762;;;;;;
165506416872;;Freemasonry_09;;;"Вольные каменщики - от 7 до 15 человек - 3 часа - Бизнес";;;;20000.00;;;"Состав:от 7 до 15 человек;Продолжительность:3 часа;Класс авто:Бизнес";;VBxRgInTIjgTEyEdYGro;754659493551;;;;;;;;;;;;;0;0;0;0;;;;;;https://createplanet.org/excursions/tproduct/679602099-754659493551-volnie-kamenschiki?editionuid=165506416872;;;;;;
929972206802;;Freemasonry_10;;;"Вольные каменщики - от 16 до 30 человек - 3 часа - Комфорт";;;;22000.00;;;"Состав:от 16 до 30 человек;Продолжительность:3 часа;Класс авто:Комфорт";;JbMEomR8Zlcy0BK2EMzS;754659493551;;;;;;;;;;;;;0;0;0;0;;;;;;https://createplanet.org/excursions/tproduct/679602099-754659493551-volnie-kamenschiki?editionuid=929972206802;;;;;;
570037907812;;Freemasonry_11;;;"Вольные каменщики - от 16 до 30 человек - 3 часа - Бизнес";;;;26000.00;;;"Состав:от 16 до 30 человек;Продолжительность:3 часа;Класс авто:Бизнес";;9YKEBlUyNNyH4aMfAEE7;754659493551;;;;;;;;;;;;;0;0;0;0;;;;;;https://createplanet.org/excursions/tproduct/679602099-754659493551-volnie-kamenschiki?editionuid=570037907812;;;;;;
353158965922;;Freemasonry_12;;;"Вольные каменщики - от 31 до 50 человек - 3 часа - Комфорт";;;;25000.00;;;"Состав:от 31 до 50 человек;Продолжительность:3 часа;Класс авто:Комфорт";;cxEEkj2jct2TaHYGi7yg;754659493551;;;;;;;;;;;;;0;0;0;0;;;;;;https://createplanet.org/excursions/tproduct/679602099-754659493551-volnie-kamenschiki?editionuid=353158965922;;;;;;
668231557342;;Freemasonry_13;;;"Вольные каменщики - от 31 до 50 человек - 3 часа - Бизнес";;;;29000.00;;;"Состав:от 31 до 50 человек;Продолжительность:3 часа;Класс авто:Бизнес";;JTfkOBMTPOnKV34tKpnr;754659493551;;;;;;;;;;;;;0;0;0;0;;;;;;https://createplanet.org/excursions/tproduct/679602099-754659493551-volnie-kamenschiki?editionuid=668231557342;;;;;;
673350585371;"На авто";;NEW;"По городу";"Пушкинский Петербург";"Код эпохи в романтической истории поэта";"""Золотой век"" русской культуры сложился в удивительное время, в которое создавали свои произведения великие зодчие, композиторы, живописцы, а на литературном поприще блистали Пушкин, Жуковский, Гнедич, Вяземский, Грибоедов и многие другие.#nbsp;<br /><br />Экскурсия по пушкинским местам в Петербурге - это не только знакомство с личной историей поэта, но и возможность понять ту особую атмосферу, в которую были погружены Пушкин и его современники.<br />Романтическая эпоха начала XIX века богата на исторические события, но главным, конечно, стала победа русского оружия над могущественной армией Наполеона, которая до этого практически не знала поражений.#nbsp;Часть русских офицеров, вернувшись из побеждённой Франции, привезли с собой и революционные идеи. В салонах Петербурга всерьёз заговорили о назревших проблемах в российском обществе, о необходимости преобразований. Стали появляться тайные общества, в которых обсуждалось будущее России, эти общества притягивали неравнодушных молодых людей, к коему числу относились и свежеиспечённые выпускники Царскосельского лицея, среди которых не мог не быть А.С.Пушкин. Результат - ссылка на юг за свободолюбивые стихи и едкие эпиграммы на царя и его политическое окружение. В Петербург поэт вернётся лишь спустя одиннадцать лет с красавицей женой, Натальей Гончаровой. Начнётся новый этап в жизни поэта: светские вечера, посещение приёмов во дворце, издание собственного журнала, конфликт с Дантесом и трагическая гибель.#nbsp;<br /><br />Пушкинский Петербург - это не просто адреса - в этом сочетании слов код эпохи.#nbsp;";"https://static.tildacdn.com/stor3866-6166-4061-a163-386463616261/23492244.jpg https://static.tildacdn.com/stor3161-6633-4234-b133-306634646632/47086759.jpg https://static.tildacdn.com/stor3537-3136-4031-b931-666539646161/79509177.jpg https://static.tildacdn.com/stor3839-3164-4161-b136-326665353662/17640645.jpg https://static.tildacdn.com/stor6634-6562-4231-b136-616439396138/50524023.jpg";;;;"product_options:[{""title"":""Состав"",""params"":{""view"":""select"",""hasColor"":false,""linkImage"":false}},{""title"":""Продолжительность"",""params"":{""view"":""select"",""hasColor"":false,""linkImage"":false}},{""title"":""Класс авто"",""params"":{""view"":""select"",""hasColor"":false,""linkImage"":false}}]";;ORyMcACtpvKzhHpyA4vd;;Городская;;;;;;"3 часа";;;;;;0;0;0;0;"Пушкинский Петербург";"Тематическая экскурсия, связанная с эпохой жизни и творчества А.С.Пушкина и его современников.";"Тематическая экскурсия, Пушкин, Пушкин и Петербург, век Пушкина";"Пушкинский Петербург";"Тематическая экскурсия, связанная с эпохой жизни и творчества А.С.Пушкина и его современников.";https://createplanet.org/excursions/tproduct/679602099-673350585371-pushkinskii-peterburg;"info|#|Маршрут экскурсии|#|Площадь Искусств<br />Летний сад<br />Дом в Коломне<br />Дом Олениных<br />Зелёная лампа<br />Коллегия иностранных дел<br />Дом Лавалей<br />Медный Всадник и Сенатская площадь<br />Невский проспект<br />Михайловский замок<br />Салон В.А. Жуковского<br />Салон Авдотьи Голицыной<br />Салон В.Ф. Одоевского<br />Музей-квартира А.С. Пушкина<br />Церковь Спаса Нерукотворного образа";"template|#|Транспорт|#|Template without name|#|";"template|#|Важная информация|#|Важная информация (без музеев)|#|В стоимость экскурсии включены:<br /><ul><li>услуги гида</li><li>аренда транспорта с водителем</li></ul>";;;
134943501952;;Pushkin_01;;;"Пушкинский Петербург - от 1 до 2 человек - 4 часа - Комфорт";;;;16500.00;;;"Состав:от 1 до 2 человек;Продолжительность:4 часа;Класс авто:Комфорт";;UILkbca2MulOHEMYVZ05;673350585371;;;;;;;;;;;;;0;0;0;0;;;;;;https://createplanet.org/excursions/tproduct/679602099-673350585371-pushkinskii-peterburg?editionuid=134943501952;;;;;;
183440103742;;Pushkin_02;;;"Пушкинский Петербург - от 1 до 2 человек - 4 часа - Бизнес";;;;21000.00;;;"Состав:от 1 до 2 человек;Продолжительность:4 часа;Класс авто:Бизнес";;IEYcDemPAs5Egr6VrP32;673350585371;;;;;;;;;;;;;0;0;0;0;;;;;;https://createplanet.org/excursions/tproduct/679602099-673350585371-pushkinskii-peterburg?editionuid=183440103742;;;;;;
266382756292;;Pushkin_03;;;"Пушкинский Петербург - от 1 до 2 человек - 4 часа - Премиум";;;;29000.00;;;"Состав:от 1 до 2 человек;Продолжительность:4 часа;Класс авто:Премиум";;L3J1YkDR55Uyyy0R1Me3;673350585371;;;;;;;;;;;;;0;0;0;0;;;;;;https://createplanet.org/excursions/tproduct/679602099-673350585371-pushkinskii-peterburg?editionuid=266382756292;;;;;;
575795905942;;Pushkin_04;;;"Пушкинский Петербург - от 1 до 2 человек - 4 часа - VIP";;;;37500.00;;;"Состав:от 1 до 2 человек;Продолжительность:4 часа;Класс авто:VIP";;ElOPRUGOg5TlBXIpTz8O;673350585371;;;;;;;;;;;;;0;0;0;0;;;;;;https://createplanet.org/excursions/tproduct/679602099-673350585371-pushkinskii-peterburg?editionuid=575795905942;;;;;;
685436884302;;Pushkin_05;;;"Пушкинский Петербург - от 3 до 6 человек - 4 часа - Комфорт";;;;18000.00;;;"Состав:от 3 до 6 человек;Продолжительность:4 часа;Класс авто:Комфорт";;oBbLYNdTdLy2a1VdyXSe;673350585371;;;;;;;;;;;;;0;0;0;0;;;;;;https://createplanet.org/excursions/tproduct/679602099-673350585371-pushkinskii-peterburg?editionuid=685436884302;;;;;;
585463586382;;Pushkin_06;;;"Пушкинский Петербург - от 3 до 6 человек - 4 часа - Бизнес";;;;24000.00;;;"Состав:от 3 до 6 человек;Продолжительность:4 часа;Класс авто:Бизнес";;BtAX9xF54N9fV0UcemRn;673350585371;;;;;;;;;;;;;0;0;0;0;;;;;;https://createplanet.org/excursions/tproduct/679602099-673350585371-pushkinskii-peterburg?editionuid=585463586382;;;;;;
574560352372;;Pushkin_07;;;"Пушкинский Петербург - от 3 до 6 человек - 4 часа - Премиум";;;;29000.00;;;"Состав:от 3 до 6 человек;Продолжительность:4 часа;Класс авто:Премиум";;xYMHfCYfEj9l6fBafPGe;673350585371;;;;;;;;;;;;;0;0;0;0;;;;;;https://createplanet.org/excursions/tproduct/679602099-673350585371-pushkinskii-peterburg?editionuid=574560352372;;;;;;
867350825142;;Pushkin_08;;;"Пушкинский Петербург - от 7 до 15 человек - 4 часа - Комфорт";;;;21500.00;;;"Состав:от 7 до 15 человек;Продолжительность:4 часа;Класс авто:Комфорт";;xe30yVDT2AmTvu1FrgbE;673350585371;;;;;;;;;;;;;0;0;0;0;;;;;;https://createplanet.org/excursions/tproduct/679602099-673350585371-pushkinskii-peterburg?editionuid=867350825142;;;;;;
633369013682;;Pushkin_09;;;"Пушкинский Петербург - от 7 до 15 человек - 4 часа - Бизнес";;;;24500.00;;;"Состав:от 7 до 15 человек;Продолжительность:4 часа;Класс авто:Бизнес";;X7uPFR37SY3lFKUAixSH;673350585371;;;;;;;;;;;;;0;0;0;0;;;;;;https://createplanet.org/excursions/tproduct/679602099-673350585371-pushkinskii-peterburg?editionuid=633369013682;;;;;;
321203671802;;Pushkin_10;;;"Пушкинский Петербург - от 16 до 30 человек - 4 часа - Комфорт";;;;27000.00;;;"Состав:от 16 до 30 человек;Продолжительность:4 часа;Класс авто:Комфорт";;JK5BU8SxPI2PPKHDPOTE;673350585371;;;;;;;;;;;;;0;0;0;0;;;;;;https://createplanet.org/excursions/tproduct/679602099-673350585371-pushkinskii-peterburg?editionuid=321203671802;;;;;;
471525258622;;Pushkin_11;;;"Пушкинский Петербург - от 16 до 30 человек - 4 часа - Бизнес";;;;32000.00;;;"Состав:от 16 до 30 человек;Продолжительность:4 часа;Класс авто:Бизнес";;sAa4mKLzJECbYc3tMLLV;673350585371;;;;;;;;;;;;;0;0;0;0;;;;;;https://createplanet.org/excursions/tproduct/679602099-673350585371-pushkinskii-peterburg?editionuid=471525258622;;;;;;
976545338092;;Pushkin_12;;;"Пушкинский Петербург - от 31 до 50 человек - 4 часа - Комфорт";;;;31000.00;;;"Состав:от 31 до 50 человек;Продолжительность:4 часа;Класс авто:Комфорт";;Gtm6M0oo775YmJ5PG2co;673350585371;;;;;;;;;;;;;0;0;0;0;;;;;;https://createplanet.org/excursions/tproduct/679602099-673350585371-pushkinskii-peterburg?editionuid=976545338092;;;;;;
304347590882;;Pushkin_13;;;"Пушкинский Петербург - от 31 до 50 человек - 4 часа - Бизнес";;;;36000.00;;;"Состав:от 31 до 50 человек;Продолжительность:4 часа;Класс авто:Бизнес";;9zAyaptOVTfNoFk1Tjg4;673350585371;;;;;;;;;;;;;0;0;0;0;;;;;;https://createplanet.org/excursions/tproduct/679602099-673350585371-pushkinskii-peterburg?editionuid=304347590882;;;;;;
977554739631;"На авто";;NEW;"По городу";"Православные храмы Петербурга";"Экскурсия по главным духовным центрам Северной столицы";"С древнейших времён религия была неотъемлемой частью повседневной жизни человека. Настоятель церкви был не только духовным отцом и пастырем, опекавшим своих прихожан, но именно в церкви происходили важнейшие события жизни верующего человека - крещение, причастие, бракосочетание, исповедь, отпевание. <br />В России церкви и храмы строили, знаменуя радостные и печальные события. А красота и архитектурный стиль церквей были связаны со значимостью события и архитектурным стилем города и эпохи. <br /><br />Некоторые подвижники, прославившиеся прозорливостью и чудесами, почитаются всем народом. Большей частью святые канонизировались первоначально как местночтимые, а по мере увеличения чудес от них, чествование их становится общецерковным. К таким относится Ксения Петербургская, Иоанн Кронштадтский.#nbsp; <br />В нашей экскурсии мы хотим рассказать,#nbsp;в первую очередь,#nbsp;о местных святых, слава и молва которых разошлась по всей России.<br /><br />С посещения часовни Ксении Блаженной мы и начнём нашу экскурсию. Поговорим и о самом Смоленском православном кладбище, одном из старейших в Петербурге, полюбуемся радостной архитектурой Церкви Воскресения Христова, поклонимся чудотворной иконе Смоленской Божьей матери. <br /><br />Продолжая наше путешествие по Васильевскому Острову, мы обязательно зайдём в Андреевский Собор, чтобы увидеть уникальный иконостас, один из старейших сохранившихся в Санкт-Петербурге. Именно перед ним молились первые царствующие правители города. <br /><br />Затем мы посетим одну из старейших церквей Санкт-Петербурга - Церковь 3-х святителей и увидим икону Знамение Пресвятой Богородицы, предположительно написанную самим#nbsp;Виктором Васнецовым. Это дар жертвователей из Академии Художеств.<br /><br />Дальше мы направимся в Иоанновский монастырь, где можно будет приложиться к мощам чтимого#nbsp;Иоанна Кронштадтского. <br /><br />Закончим мы нашу экскурсию посещением Александро-Невской Лавры, строительство которой началось по указу Петра I и при его непосредственном участии. Поговорим об Александре Невском, небесном покровителе Санкт-Петербурга, о Благовещенской церкви, первоначальной усыпальнице семьи Романовых, посетим Троицкий Собор.";"https://static.tildacdn.com/stor6162-6566-4037-a338-383631616433/30142654.jpg https://static.tildacdn.com/stor3830-6565-4361-b366-316239656233/46558432.jpg https://static.tildacdn.com/stor3830-3665-4162-b137-303931646262/52364158.jpg https://static.tildacdn.com/stor3630-3438-4438-b231-356661366439/85972597.jpg https://static.tildacdn.com/stor3038-3563-4834-a138-323533636161/44503085.jpg https://static.tildacdn.com/stor6530-3363-4337-a162-616533326139/70378930.jpg";;;;"product_options:[{""title"":""Состав"",""params"":{""view"":""select"",""hasColor"":false,""linkImage"":false}},{""title"":""Продолжительность"",""params"":{""view"":""select"",""hasColor"":false,""linkImage"":false}},{""title"":""Класс авто"",""params"":{""view"":""select"",""hasColor"":false,""linkImage"":false}}]";;z2Yutd6GEPCu2ssBVta7;;Городская;;;;;;"4 часа";;;;;;0;0;0;0;"Православные Храмы Петербурга";"Индивидуальная экскурсия по православным храмам Санкт-Петербурга, которая включает посещение самых важных духовных центров северной столицы: Исаакиевский собор, Спас на Крови, Смольный и Казанский соборы, Александро-Невская лавра.";"Обзорная экскурсия, Санкт-Петербург, Питер, Православные храмы Петербурга, храмы и соборы Петербурга";"Православные Храмы Петербурга";"Индивидуальная экскурсия по православным храмам Санкт-Петербурга, которая включает посещение самых важных духовных центров северной столицы: Исаакиевский собор, Спас на Крови, Смольный и Казанский соборы, Александро-Невская лавра.";https://createplanet.org/excursions/tproduct/679602099-977554739631-pravoslavnie-hrami-peterburga;"info|#|Маршрут экскурсии|#|<strong>4 часа</strong><br />Часовня Ксении Блаженной и Смоленское православное кладбище<br />Андреевский Собор и&nbsp;Церковь Трёх святителей<br />Иоанновский монастырь<br />Александро-Невской Лавра и некрополи<br /><strong>5 часов </strong><br />с посещением Некрополя мастеров искусств и Некрополя XVIII века";"template|#|Важная информация|#|Важная информация (с музеями)|#|В стоимость экскурсии включены:<br /><ul><li>услуги гида</li><li>аренда транспорта&nbsp;с водителем</li></ul><br />Дополнительно оплачиваются<br /><ul><li>входные билеты</li><li>устройство радио-гид (для групп от 16 человек)</li></ul>";"info|#|Входные билеты|#|Исаакиевский собор<br />Взрослые - 450<br />Школьники, Студенты, Пенсионеры&nbsp;- 200 <br /><br />Спас на Крови<br />Взрослые - 450<br />Школьники, Студенты, Пенсионеры&nbsp;- 200";;;
331115488672;;Ortodox_01;;;"Православные храмы Петербурга - от 1 до 2 человек - 4 часа - Комфорт";;;;16500.00;;;"Состав:от 1 до 2 человек;Продолжительность:4 часа;Класс авто:Комфорт";;vc58t85K6eDmz81GhAst;977554739631;;;;;;;;;;;;;0;0;0;0;;;;;;https://createplanet.org/excursions/tproduct/679602099-977554739631-pravoslavnie-hrami-peterburga?editionuid=331115488672;;;;;;
407757123942;;Ortodox_02;;;"Православные храмы Петербурга - от 1 до 2 человек - 4 часа - Бизнес";;;;21000.00;;;"Состав:от 1 до 2 человек;Продолжительность:4 часа;Класс авто:Бизнес";;vc58t85K6eDmz81GhAst;977554739631;;;;;;;;;;;;;0;0;0;0;;;;;;https://createplanet.org/excursions/tproduct/679602099-977554739631-pravoslavnie-hrami-peterburga?editionuid=407757123942;;;;;;
790491928262;;Ortodox_03;;;"Православные храмы Петербурга - от 1 до 2 человек - 4 часа - Премиум";;;;29000.00;;;"Состав:от 1 до 2 человек;Продолжительность:4 часа;Класс авто:Премиум";;vc58t85K6eDmz81GhAst;977554739631;;;;;;;;;;;;;0;0;0;0;;;;;;https://createplanet.org/excursions/tproduct/679602099-977554739631-pravoslavnie-hrami-peterburga?editionuid=790491928262;;;;;;
273452732032;;Ortodox_04;;;"Православные храмы Петербурга - от 1 до 2 человек - 4 часа - VIP";;;;37500.00;;;"Состав:от 1 до 2 человек;Продолжительность:4 часа;Класс авто:VIP";;vc58t85K6eDmz81GhAst;977554739631;;;;;;;;;;;;;0;0;0;0;;;;;;https://createplanet.org/excursions/tproduct/679602099-977554739631-pravoslavnie-hrami-peterburga?editionuid=273452732032;;;;;;
799825601402;;Ortodox_05;;;"Православные храмы Петербурга - от 3 до 6 человек - 4 часа - Комфорт";;;;18000.00;;;"Состав:от 3 до 6 человек;Продолжительность:4 часа;Класс авто:Комфорт";;vc58t85K6eDmz81GhAst;977554739631;;;;;;;;;;;;;0;0;0;0;;;;;;https://createplanet.org/excursions/tproduct/679602099-977554739631-pravoslavnie-hrami-peterburga?editionuid=799825601402;;;;;;
851717622762;;Ortodox_06;;;"Православные храмы Петербурга - от 3 до 6 человек - 4 часа - Бизнес";;;;24000.00;;;"Состав:от 3 до 6 человек;Продолжительность:4 часа;Класс авто:Бизнес";;vc58t85K6eDmz81GhAst;977554739631;;;;;;;;;;;;;0;0;0;0;;;;;;https://createplanet.org/excursions/tproduct/679602099-977554739631-pravoslavnie-hrami-peterburga?editionuid=851717622762;;;;;;
131570001762;;Ortodox_07;;;"Православные храмы Петербурга - от 3 до 6 человек - 4 часа - Премиум";;;;29000.00;;;"Состав:от 3 до 6 человек;Продолжительность:4 часа;Класс авто:Премиум";;vc58t85K6eDmz81GhAst;977554739631;;;;;;;;;;;;;0;0;0;0;;;;;;https://createplanet.org/excursions/tproduct/679602099-977554739631-pravoslavnie-hrami-peterburga?editionuid=131570001762;;;;;;
616372038232;;Ortodox_08;;;"Православные храмы Петербурга - от 7 до 15 человек - 4 часа - Комфорт";;;;21500.00;;;"Состав:от 7 до 15 человек;Продолжительность:4 часа;Класс авто:Комфорт";;vc58t85K6eDmz81GhAst;977554739631;;;;;;;;;;;;;0;0;0;0;;;;;;https://createplanet.org/excursions/tproduct/679602099-977554739631-pravoslavnie-hrami-peterburga?editionuid=616372038232;;;;;;
715179043262;;Ortodox_09;;;"Православные храмы Петербурга - от 7 до 15 человек - 4 часа - Бизнес";;;;24500.00;;;"Состав:от 7 до 15 человек;Продолжительность:4 часа;Класс авто:Бизнес";;vc58t85K6eDmz81GhAst;977554739631;;;;;;;;;;;;;0;0;0;0;;;;;;https://createplanet.org/excursions/tproduct/679602099-977554739631-pravoslavnie-hrami-peterburga?editionuid=715179043262;;;;;;
376869409382;;Ortodox_10;;;"Православные храмы Петербурга - от 16 до 30 человек - 4 часа - Комфорт";;;;27000.00;;;"Состав:от 16 до 30 человек;Продолжительность:4 часа;Класс авто:Комфорт";;vc58t85K6eDmz81GhAst;977554739631;;;;;;;;;;;;;0;0;0;0;;;;;;https://createplanet.org/excursions/tproduct/679602099-977554739631-pravoslavnie-hrami-peterburga?editionuid=376869409382;;;;;;
535454598472;;Ortodox_11;;;"Православные храмы Петербурга - от 16 до 30 человек - 4 часа - Бизнес";;;;32000.00;;;"Состав:от 16 до 30 человек;Продолжительность:4 часа;Класс авто:Бизнес";;vc58t85K6eDmz81GhAst;977554739631;;;;;;;;;;;;;0;0;0;0;;;;;;https://createplanet.org/excursions/tproduct/679602099-977554739631-pravoslavnie-hrami-peterburga?editionuid=535454598472;;;;;;
272188298422;;Ortodox_12;;;"Православные храмы Петербурга - от 31 до 50 человек - 4 часа - Комфорт";;;;31000.00;;;"Состав:от 31 до 50 человек;Продолжительность:4 часа;Класс авто:Комфорт";;vc58t85K6eDmz81GhAst;977554739631;;;;;;;;;;;;;0;0;0;0;;;;;;https://createplanet.org/excursions/tproduct/679602099-977554739631-pravoslavnie-hrami-peterburga?editionuid=272188298422;;;;;;
157830072942;;Ortodox_13;;;"Православные храмы Петербурга - от 31 до 50 человек - 4 часа - Бизнес";;;;36000.00;;;"Состав:от 31 до 50 человек;Продолжительность:4 часа;Класс авто:Бизнес";;vc58t85K6eDmz81GhAst;977554739631;;;;;;;;;;;;;0;0;0;0;;;;;;https://createplanet.org/excursions/tproduct/679602099-977554739631-pravoslavnie-hrami-peterburga?editionuid=157830072942;;;;;;
445751777062;;Ortodox_14;;;"Православные храмы Петербурга - от 1 до 2 человек - 5 часов - Комфорт";;;;20000.00;;;"Состав:от 1 до 2 человек;Продолжительность:5 часов;Класс авто:Комфорт";;vc58t85K6eDmz81GhAst;977554739631;;;;;;;;;;;;;0;0;0;0;;;;;;https://createplanet.org/excursions/tproduct/679602099-977554739631-pravoslavnie-hrami-peterburga?editionuid=445751777062;;;;;;
755898325182;;Ortodox_15;;;"Православные храмы Петербурга - от 1 до 2 человек - 5 часов - Бизнес";;;;25000.00;;;"Состав:от 1 до 2 человек;Продолжительность:5 часов;Класс авто:Бизнес";;vc58t85K6eDmz81GhAst;977554739631;;;;;;;;;;;;;0;0;0;0;;;;;;https://createplanet.org/excursions/tproduct/679602099-977554739631-pravoslavnie-hrami-peterburga?editionuid=755898325182;;;;;;
424222260032;;Ortodox_16;;;"Православные храмы Петербурга - от 1 до 2 человек - 5 часов - Премиум";;;;35000.00;;;"Состав:от 1 до 2 человек;Продолжительность:5 часов;Класс авто:Премиум";;vc58t85K6eDmz81GhAst;977554739631;;;;;;;;;;;;;0;0;0;0;;;;;;https://createplanet.org/excursions/tproduct/679602099-977554739631-pravoslavnie-hrami-peterburga?editionuid=424222260032;;;;;;
960906992102;;Ortodox_17;;;"Православные храмы Петербурга - от 1 до 2 человек - 5 часов - VIP";;;;45000.00;;;"Состав:от 1 до 2 человек;Продолжительность:5 часов;Класс авто:VIP";;vc58t85K6eDmz81GhAst;977554739631;;;;;;;;;;;;;0;0;0;0;;;;;;https://createplanet.org/excursions/tproduct/679602099-977554739631-pravoslavnie-hrami-peterburga?editionuid=960906992102;;;;;;
413639398842;;Ortodox_18;;;"Православные храмы Петербурга - от 3 до 6 человек - 5 часов - Комфорт";;;;21500.00;;;"Состав:от 3 до 6 человек;Продолжительность:5 часов;Класс авто:Комфорт";;vc58t85K6eDmz81GhAst;977554739631;;;;;;;;;;;;;0;0;0;0;;;;;;https://createplanet.org/excursions/tproduct/679602099-977554739631-pravoslavnie-hrami-peterburga?editionuid=413639398842;;;;;;
855992990262;;Ortodox_19;;;"Православные храмы Петербурга - от 3 до 6 человек - 5 часов - Бизнес";;;;29000.00;;;"Состав:от 3 до 6 человек;Продолжительность:5 часов;Класс авто:Бизнес";;vc58t85K6eDmz81GhAst;977554739631;;;;;;;;;;;;;0;0;0;0;;;;;;https://createplanet.org/excursions/tproduct/679602099-977554739631-pravoslavnie-hrami-peterburga?editionuid=855992990262;;;;;;
344814732482;;Ortodox_20;;;"Православные храмы Петербурга - от 3 до 6 человек - 5 часов - Премиум";;;;35000.00;;;"Состав:от 3 до 6 человек;Продолжительность:5 часов;Класс авто:Премиум";;vc58t85K6eDmz81GhAst;977554739631;;;;;;;;;;;;;0;0;0;0;;;;;;https://createplanet.org/excursions/tproduct/679602099-977554739631-pravoslavnie-hrami-peterburga?editionuid=344814732482;;;;;;
968404767202;;Ortodox_21;;;"Православные храмы Петербурга - от 7 до 15 человек - 5 часов - Комфорт";;;;26000.00;;;"Состав:от 7 до 15 человек;Продолжительность:5 часов;Класс авто:Комфорт";;vc58t85K6eDmz81GhAst;977554739631;;;;;;;;;;;;;0;0;0;0;;;;;;https://createplanet.org/excursions/tproduct/679602099-977554739631-pravoslavnie-hrami-peterburga?editionuid=968404767202;;;;;;
686711453622;;Ortodox_22;;;"Православные храмы Петербурга - от 7 до 15 человек - 5 часов - Бизнес";;;;29500.00;;;"Состав:от 7 до 15 человек;Продолжительность:5 часов;Класс авто:Бизнес";;vc58t85K6eDmz81GhAst;977554739631;;;;;;;;;;;;;0;0;0;0;;;;;;https://createplanet.org/excursions/tproduct/679602099-977554739631-pravoslavnie-hrami-peterburga?editionuid=686711453622;;;;;;
262423626922;;Ortodox_23;;;"Православные храмы Петербурга - от 16 до 30 человек - 5 часов - Комфорт";;;;32500.00;;;"Состав:от 16 до 30 человек;Продолжительность:5 часов;Класс авто:Комфорт";;vc58t85K6eDmz81GhAst;977554739631;;;;;;;;;;;;;0;0;0;0;;;;;;https://createplanet.org/excursions/tproduct/679602099-977554739631-pravoslavnie-hrami-peterburga?editionuid=262423626922;;;;;;
272957711002;;Ortodox_24;;;"Православные храмы Петербурга - от 16 до 30 человек - 5 часов - Бизнес";;;;38500.00;;;"Состав:от 16 до 30 человек;Продолжительность:5 часов;Класс авто:Бизнес";;vc58t85K6eDmz81GhAst;977554739631;;;;;;;;;;;;;0;0;0;0;;;;;;https://createplanet.org/excursions/tproduct/679602099-977554739631-pravoslavnie-hrami-peterburga?editionuid=272957711002;;;;;;
821374167922;;Ortodox_25;;;"Православные храмы Петербурга - от 31 до 50 человек - 5 часов - Комфорт";;;;36500.00;;;"Состав:от 31 до 50 человек;Продолжительность:5 часов;Класс авто:Комфорт";;vc58t85K6eDmz81GhAst;977554739631;;;;;;;;;;;;;0;0;0;0;;;;;;https://createplanet.org/excursions/tproduct/679602099-977554739631-pravoslavnie-hrami-peterburga?editionuid=821374167922;;;;;;
652431323432;;Ortodox_26;;;"Православные храмы Петербурга - от 31 до 50 человек - 5 часов - Бизнес";;;;43000.00;;;"Состав:от 31 до 50 человек;Продолжительность:5 часов;Класс авто:Бизнес";;vc58t85K6eDmz81GhAst;977554739631;;;;;;;;;;;;;0;0;0;0;;;;;;https://createplanet.org/excursions/tproduct/679602099-977554739631-pravoslavnie-hrami-peterburga?editionuid=652431323432;;;;;;
609593630201;"На авто";;HIT;"По городу";"Ночной Петербург";"Обзорная экскурсия по ночному городу";"Ночью Петербург особенно очарователен - тёплый свет многочисленных огней создаёт приятную атмосферу. И это ценят жители Петербурга, которые любят в позднюю пору гулять по улицам города.<br />По-особенному притягательны набережные, с которых можно наблюдать радостный танец света в темноте ночной воды.";"https://static.tildacdn.com/stor6337-3133-4262-b234-633837396132/46794663.jpg https://static.tildacdn.com/stor6664-3563-4635-b966-646137323164/37609372.jpg https://static.tildacdn.com/stor6665-3066-4334-b839-656465316239/22086344.jpg https://static.tildacdn.com/stor3334-3035-4064-a662-346663666130/33594258.jpg";;;;"product_options:[{""title"":""Состав"",""params"":{""view"":""select"",""hasColor"":false,""linkImage"":false}},{""title"":""Продолжительность"",""params"":{""view"":""select"",""hasColor"":false,""linkImage"":false}},{""title"":""Класс авто"",""params"":{""view"":""select"",""hasColor"":false,""linkImage"":false}}]";;eHm52RiRMiSZ4OgTeTj5;;Городская;;;;;;"3 часа";;;;;;0;0;0;0;"Обзорная экскурсия по ночному Петербургу";"Индивидуальная экскурсия по ночному Санкт-Петербург на авто комфорт класса в компании эрудированного гида. Идеально для первого знакомство с главными достопримечательностями.";"Обзорная экскурсия, Санкт-Петербург, Питер, Ночная обзорная экскурсия, Ночной Петербург";"Обзорная экскурсия по ночному Петербургу";"Индивидуальная экскурсия по ночному Санкт-Петербург на авто комфорт класса в компании эрудированного гида. Идеально для первого знакомство с главными достопримечательностями.";https://createplanet.org/excursions/tproduct/679602099-609593630201-nochnoi-peterburg;"info|#|Маршрут экскурсии|#|Невский проспект<br />Дворцовая площадь<br />Медный Всадник<br />Сфинксы <br />Стрелка Васильевского острова<br />Петровская набережная <br />Мост Петра Великого";"template|#|Транспорт|#|Транпорт|#|Экскурсии осуществляются на авто комфорт класса и выше в зависимости от Вашего выбора. Более подробная информация в разделе транспорт.";"template|#|Важная информация|#|Трнасфер|#|В стоимость экскурсии включены:<br /><ul><li data-list=""bullet"">аренда транспорта&nbsp;с водителем</li></ul><br />Дополнительно оплачиваются:<br /><ul><li data-list=""bullet"">услуги гида</li></ul>";;;
615156754912;;Nightsights_01;;;"Ночной Петербург - от 1 до 2 человек - 3 часа - Комфорт";;;;19500.00;;;"Состав:от 1 до 2 человек;Продолжительность:3 часа;Класс авто:Комфорт";;MKIA54dexfTNvfPvELKV;609593630201;;;;;;;;;;;;;0;0;0;0;;;;;;https://createplanet.org/excursions/tproduct/679602099-609593630201-nochnoi-peterburg?editionuid=615156754912;;;;;;
833180060972;;Nightsights_02;;;"Ночной Петербург - от 1 до 2 человек - 3 часа - Бизнес";;;;24500.00;;;"Состав:от 1 до 2 человек;Продолжительность:3 часа;Класс авто:Бизнес";;g9UHmmStjP8akrjvd25T;609593630201;;;;;;;;;;;;;0;0;0;0;;;;;;https://createplanet.org/excursions/tproduct/679602099-609593630201-nochnoi-peterburg?editionuid=833180060972;;;;;;
383231016402;;Nightsights_03;;;"Ночной Петербург - от 1 до 2 человек - 3 часа - Премиум";;;;34500.00;;;"Состав:от 1 до 2 человек;Продолжительность:3 часа;Класс авто:Премиум";;p94jAY3Gso3KamLnRvVl;609593630201;;;;;;;;;;;;;0;0;0;0;;;;;;https://createplanet.org/excursions/tproduct/679602099-609593630201-nochnoi-peterburg?editionuid=383231016402;;;;;;
884797009132;;Nightsights_04;;;"Ночной Петербург - от 1 до 2 человек - 3 часа - VIP";;;;44500.00;;;"Состав:от 1 до 2 человек;Продолжительность:3 часа;Класс авто:VIP";;BgAoR0Tle8LdFMjjtT3f;609593630201;;;;;;;;;;;;;0;0;0;0;;;;;;https://createplanet.org/excursions/tproduct/679602099-609593630201-nochnoi-peterburg?editionuid=884797009132;;;;;;
972320002842;;Nightsights_05;;;"Ночной Петербург - от 3 до 6 человек - 3 часа - Комфорт";;;;21000.00;;;"Состав:от 3 до 6 человек;Продолжительность:3 часа;Класс авто:Комфорт";;vd4pzIis0TuMOOAPlbvU;609593630201;;;;;;;;;;;;;0;0;0;0;;;;;;https://createplanet.org/excursions/tproduct/679602099-609593630201-nochnoi-peterburg?editionuid=972320002842;;;;;;
109453025202;;Nightsights_06;;;"Ночной Петербург - от 3 до 6 человек - 3 часа - Бизнес";;;;28500.00;;;"Состав:от 3 до 6 человек;Продолжительность:3 часа;Класс авто:Бизнес";;v94vn0DtADoynpvx0j8t;609593630201;;;;;;;;;;;;;0;0;0;0;;;;;;https://createplanet.org/excursions/tproduct/679602099-609593630201-nochnoi-peterburg?editionuid=109453025202;;;;;;
491900652602;;Nightsights_07;;;"Ночной Петербург - от 3 до 6 человек - 3 часа - Премиум";;;;34500.00;;;"Состав:от 3 до 6 человек;Продолжительность:3 часа;Класс авто:Премиум";;Xfpp1eOknvktGOTYxndc;609593630201;;;;;;;;;;;;;0;0;0;0;;;;;;https://createplanet.org/excursions/tproduct/679602099-609593630201-nochnoi-peterburg?editionuid=491900652602;;;;;;
798724265972;;Nightsights_08;;;"Ночной Петербург - от 7 до 15 человек - 3 часа - Комфорт";;;;24500.00;;;"Состав:от 7 до 15 человек;Продолжительность:3 часа;Класс авто:Комфорт";;Z1sYSspE6HySfrIyZr9N;609593630201;;;;;;;;;;;;;0;0;0;0;;;;;;https://createplanet.org/excursions/tproduct/679602099-609593630201-nochnoi-peterburg?editionuid=798724265972;;;;;;
356462766122;;Nightsights_09;;;"Ночной Петербург - от 7 до 15 человек - 3 часа - Бизнес";;;;28500.00;;;"Состав:от 7 до 15 человек;Продолжительность:3 часа;Класс авто:Бизнес";;BF2JPmGHIa8n6vlmjePs;609593630201;;;;;;;;;;;;;0;0;0;0;;;;;;https://createplanet.org/excursions/tproduct/679602099-609593630201-nochnoi-peterburg?editionuid=356462766122;;;;;;
930382525182;;Nightsights_10;;;"Ночной Петербург - от 16 до 30 человек - 3 часа - Комфорт";;;;31000.00;;;"Состав:от 16 до 30 человек;Продолжительность:3 часа;Класс авто:Комфорт";;yIxge0DHAGANoT0A3VOm;609593630201;;;;;;;;;;;;;0;0;0;0;;;;;;https://createplanet.org/excursions/tproduct/679602099-609593630201-nochnoi-peterburg?editionuid=930382525182;;;;;;
841005140222;;Nightsights_11;;;"Ночной Петербург - от 16 до 30 человек - 3 часа - Бизнес";;;;37500.00;;;"Состав:от 16 до 30 человек;Продолжительность:3 часа;Класс авто:Бизнес";;26EfUczuPk32dH5Pfdbh;609593630201;;;;;;;;;;;;;0;0;0;0;;;;;;https://createplanet.org/excursions/tproduct/679602099-609593630201-nochnoi-peterburg?editionuid=841005140222;;;;;;
144004324482;;Nightsights_12;;;"Ночной Петербург - от 31 до 50 человек - 3 часа - Комфорт";;;;35500.00;;;"Состав:от 31 до 50 человек;Продолжительность:3 часа;Класс авто:Комфорт";;BM5yytr6CYsYaFaML1X4;609593630201;;;;;;;;;;;;;0;0;0;0;;;;;;https://createplanet.org/excursions/tproduct/679602099-609593630201-nochnoi-peterburg?editionuid=144004324482;;;;;;
319724504212;;Nightsights_13;;;"Ночной Петербург - от 31 до 50 человек - 3 часа - Бизнес";;;;41500.00;;;"Состав:от 31 до 50 человек;Продолжительность:3 часа;Класс авто:Бизнес";;JDlKI3vfu37rbMe22EvU;609593630201;;;;;;;;;;;;;0;0;0;0;;;;;;https://createplanet.org/excursions/tproduct/679602099-609593630201-nochnoi-peterburg?editionuid=319724504212;;;;;;
